EmpID;Last_Name;First_Name;MarriedID;MaritalStatusID;GenderID;EmpStatusID;DeptID;PerfScoreID;FromDiversityJobFairID;Salary;Termd;PositionID;Position;State;Zip;DOB;Sex;MaritalDesc;CitizenDesc;HispanicLatino;RaceDesc;DateofHire;DateofTermination;TermReason;EmploymentStatus;Department;ManagerName;ManagerID;RecruitmentSource;PerformanceScore;EngagementSurvey;EmpSatisfaction;SpecialProjectsCount;LastPerformanceReview_Date;DaysLateLast30;Absences
10026;Adinolfi; Wilson  K;0;0;1;1;5;4;0;62506;0;19;Production Technician I;MA;1960;07/10/1983;M ;Single;US Citizen;No;White;07/05/2011;;N/A-StillEmployed;Active;Production       ;Michael Albert;22;LinkedIn;Exceeds;4.60;5;0;1/17/2019;0;1
10084;Ait Sidi; Karthikeyan   ;1;1;1;5;3;3;0;104437;1;27;Sr. DBA;MA;2148;05/05/1975;M ;Married;US Citizen;No;White;3/30/2015;6/16/2016;career change;Voluntarily Terminated;IT/IS;Simon Roup;4;Indeed;Fully Meets;4.96;3;6;2/24/2016;0;17
10196;Akinkuolie; Sarah;1;1;0;5;5;3;0;64955;1;20;Production Technician II;MA;1810;09/19/88;F;Married;US Citizen;No;White;07/05/2011;9/24/2012;hours;Voluntarily Terminated;Production       ;Kissy Sullivan;20;LinkedIn;Fully Meets;3.02;3;0;5/15/2012;0;3
10088;Alagbe;Trina;1;1;0;1;5;3;0;64991;0;19;Production Technician I;MA;1886;09/27/88;F;Married;US Citizen;No;White;01/07/2008;;N/A-StillEmployed;Active;Production       ;Elijiah Gray;16;Indeed;Fully Meets;4.84;5;0;01/03/2019;0;15
10069;Anderson; Carol ;0;2;0;5;5;3;0;50825;1;19;Production Technician I;MA;2169;09/08/1989;F;Divorced;US Citizen;No;White;07/11/2011;09/06/2016;return to school;Voluntarily Terminated;Production       ;Webster Butler;39;Google Search;Fully Meets;5.00;4;0;02/01/2016;0;2
10002;Anderson; Linda  ;0;0;0;1;5;4;0;57568;0;19;Production Technician I;MA;1844;05/22/77;F;Single;US Citizen;No;White;01/09/2012;;N/A-StillEmployed;Active;Production       ;Amy Dunn;11;LinkedIn;Exceeds;5.00;5;0;01/07/2019;0;15
10194;Andreola; Colby;0;0;0;1;4;3;0;95660;0;24;Software Engineer;MA;2110;05/24/79;F;Single;US Citizen;No;White;11/10/2014;;N/A-StillEmployed;Active;Software Engineering;Alex Sweetwater;10;LinkedIn;Fully Meets;3.04;3;4;01/02/2019;0;19
10062;Athwal; Sam;0;4;1;1;5;3;0;59365;0;19;Production Technician I;MA;2199;02/18/83;M ;Widowed;US Citizen;No;White;9/30/2013;;N/A-StillEmployed;Active;Production       ;Ketsia Liebig;19;Employee Referral;Fully Meets;5.00;4;0;2/25/2019;0;19
10114;Bachiochi; Linda;0;0;0;3;5;3;1;47837;0;19;Production Technician I;MA;1902;02/11/1970;F;Single;US Citizen;No;Black or African American;07/06/2009;;N/A-StillEmployed;Active;Production       ;Brannon Miller;12;Diversity Job Fair;Fully Meets;4.46;3;0;1/25/2019;0;4
10250;Bacong; Alejandro ;0;2;1;1;3;3;0;50178;0;14;IT Support;MA;1886;01/07/1988;M ;Divorced;US Citizen;No;White;01/05/2015;;N/A-StillEmployed;Active;IT/IS;Peter Monroe;7;Indeed;Fully Meets;5.00;5;6;2/18/2019;0;16
10252;Baczenski; Rachael  ;1;1;0;5;5;3;1;54670;1;19;Production Technician I;MA;1902;01/12/1974;F;Married;US Citizen;Yes;Black or African American;01/10/2011;01/12/2017;Another position;Voluntarily Terminated;Production       ;David Stanley;14;Diversity Job Fair;Fully Meets;4.20;4;0;1/30/2016;0;12
10242;Barbara; Thomas;1;1;1;5;5;3;1;47211;1;19;Production Technician I;MA;2062;02/21/74;M ;Married;US Citizen;Yes;Black or African American;04/02/2012;9/19/2016;unhappy;Voluntarily Terminated;Production       ;Kissy Sullivan;20;Diversity Job Fair;Fully Meets;4.20;3;0;05/06/2016;0;15
10012;Barbossa; Hector;0;2;1;1;3;4;1;92328;0;9;Data Analyst;TX;78230;07/04/1988;M ;Divorced;US Citizen;No;Black or African American;11/10/2014;;N/A-StillEmployed;Active;IT/IS;Simon Roup;4;Diversity Job Fair;Exceeds;4.28;4;5;2/25/2019;0;9
10265;Barone; Francesco  A;0;0;1;1;5;3;0;58709;0;19;Production Technician I;MA;1810;07/20/83;M ;Single;US Citizen;No;Two or more races;2/20/2012;;N/A-StillEmployed;Active;Production       ;Kelley Spirea;18;Google Search;Fully Meets;4.60;4;0;2/14/2019;0;7
10066;Barton; Nader;0;2;1;5;5;3;0;52505;1;19;Production Technician I;MA;2747;07/15/77;M ;Divorced;US Citizen;No;White;9/24/2012;04/06/2017;Another position;Voluntarily Terminated;Production       ;Michael Albert;22;On-line Web application;Fully Meets;5.00;5;0;03/02/2017;0;1
10061;Bates; Norman;0;0;1;4;5;3;0;57834;1;19;Production Technician I;MA;2050;10/18/81;M ;Single;US Citizen;No;White;2/21/2011;08/04/2017;attendance;Terminated for Cause;Production       ;Kelley Spirea;18;Google Search;Fully Meets;5.00;4;0;04/05/2017;0;20
10023;Beak; Kimberly  ;1;1;0;2;5;4;0;70131;0;20;Production Technician II;MA;2145;04/17/66;F;Married;US Citizen;No;White;7/21/2016;;N/A-StillEmployed;Active;Production       ;Kelley Spirea;18;Employee Referral;Exceeds;4.40;3;0;1/14/2019;0;16
10055;Beatrice; Courtney ;0;0;0;1;5;3;0;59026;0;19;Production Technician I;MA;1915;10/27/70;F;Single;Eligible NonCitizen;No;White;04/04/2011;;N/A-StillEmployed;Active;Production       ;Elijiah Gray;16;Google Search;Fully Meets;5.00;5;0;1/14/2019;0;12
10245;Becker; Renee;0;0;0;4;3;3;0;110000;1;8;Database Administrator;MA;2026;04/04/1986;F;Single;US Citizen;Yes;White;07/07/2014;09/12/2015;performance;Terminated for Cause;IT/IS;Simon Roup;4;Google Search;Fully Meets;4.50;4;5;1/15/2015;0;8
10277;Becker; Scott;0;0;1;3;5;3;0;53250;0;19;Production Technician I;MA;2452;04/06/1979;M ;Single;US Citizen;No;Asian;07/08/2013;;N/A-StillEmployed;Active;Production       ;Webster Butler;;LinkedIn;Fully Meets;4.20;4;0;01/11/2019;0;13
10046;Bernstein; Sean;0;0;1;1;5;3;0;51044;0;19;Production Technician I;MA;2072;12/22/70;M ;Single;US Citizen;Yes;White;04/02/2012;;N/A-StillEmployed;Active;Production       ;Amy Dunn;11;Google Search;Fully Meets;5.00;3;0;1/14/2019;0;13
10226;Biden; Lowan  M;0;2;0;1;5;3;0;64919;0;19;Production Technician I;MA;2027;12/27/58;F;Divorced;US Citizen;No;Asian;8/19/2013;;N/A-StillEmployed;Active;Production       ;Ketsia Liebig;19;Indeed;Fully Meets;4.20;3;0;01/10/2019;0;2
10003;Billis; Helen;1;1;0;1;5;4;0;62910;0;19;Production Technician I;MA;2031;09/01/1989;F;Married;US Citizen;No;White;07/07/2014;;N/A-StillEmployed;Active;Production       ;Brannon Miller;12;Indeed;Exceeds;5.00;3;0;2/27/2019;0;19
10294;Blount; Dianna;0;0;0;1;5;2;0;66441;0;20;Production Technician II;MA;2171;09/21/90;F;Single;US Citizen;No;White;04/04/2011;;N/A-StillEmployed;Active;Production       ;Michael Albert;22;CareerBuilder;Needs Improvement;2.00;3;0;2/27/2019;2;3
10267;Bondwell; Betsy;0;0;0;5;5;3;0;57815;1;20;Production Technician II;MA;2210;01/16/67;F;Single;US Citizen;No;White;01/10/2011;04/04/2014;career change;Voluntarily Terminated;Production       ;Elijiah Gray;16;Google Search;Fully Meets;4.80;5;0;03/04/2014;0;5
10199;Booth; Frank;0;0;1;4;3;3;0;103613;1;30;Enterprise Architect;CT;6033;07/30/64;M ;Single;US Citizen;No;Black or African American;2/17/2014;2/19/2016;Learned that he is a gangster;Terminated for Cause;IT/IS;Simon Roup;4;LinkedIn;Fully Meets;3.50;5;7;01/10/2016;0;2
10081;Boutwell; Bonalyn;1;1;0;1;1;3;1;106367;0;26;Sr. Accountant;MA;2468;04/04/1987;F;Married;US Citizen;No;Black or African American;2/16/2015;;N/A-StillEmployed;Active;Admin Offices;Brandon R. LeBlanc;3;Diversity Job Fair;Fully Meets;5.00;4;3;2/18/2019;0;4
10175;Bozzi; Charles;0;0;1;5;5;3;0;74312;1;18;Production Manager;MA;1901;03/10/1970;M ;Single;US Citizen;No;Asian;9/30/2013;08/07/2014;retiring;Voluntarily Terminated;Production       ;Janet King;2;Indeed;Fully Meets;3.39;3;0;2/20/2014;0;14
10177;Brill; Donna;1;1;0;5;5;3;0;53492;1;19;Production Technician I;MA;1701;08/24/90;F;Married;US Citizen;No;White;04/02/2012;6/15/2013;Another position;Voluntarily Terminated;Production       ;David Stanley;14;Google Search;Fully Meets;3.35;4;0;03/04/2013;0;6
10238;Brown; Mia;1;1;0;1;1;3;1;63000;0;1;Accountant I;MA;1450;11/24/87;F;Married;US Citizen;No;Black or African American;10/27/2008;;N/A-StillEmployed;Active;Admin Offices;Brandon R. LeBlanc;1;Diversity Job Fair;Fully Meets;4.50;2;6;1/15/2019;0;14
10184;Buccheri; Joseph  ;0;0;1;1;5;3;0;65288;0;20;Production Technician II;MA;1013;07/28/83;M ;Single;US Citizen;No;White;9/29/2014;;N/A-StillEmployed;Active;Production       ;Webster Butler;;Google Search;Fully Meets;3.19;3;0;02/01/2019;0;9
10203;Bugali; Josephine ;0;3;0;3;5;3;1;64375;0;19;Production Technician I;MA;2043;10/30/69;F;Separated;US Citizen;No;Black or African American;11/11/2013;;N/A-StillEmployed;Active;Production       ;Kissy Sullivan;20;Diversity Job Fair;Fully Meets;3.50;5;0;1/21/2019;0;17
10188;Bunbury; Jessica;1;1;0;5;6;3;0;74326;1;3;Area Sales Manager;VA;21851;06/01/1964;F;Married;Eligible NonCitizen;No;Black or African American;8/15/2011;08/02/2014;Another position;Voluntarily Terminated;Sales;John Smith;17;Google Search;Fully Meets;3.14;5;0;02/10/2013;1;19
10107;Burke; Joelle;0;0;0;1;5;3;0;63763;0;20;Production Technician II;MA;2148;03/02/1980;F;Single;US Citizen;No;Black or African American;03/05/2012;;N/A-StillEmployed;Active;Production       ;Amy Dunn;11;Employee Referral;Fully Meets;4.51;4;0;2/21/2019;0;3
10181;Burkett; Benjamin ;1;1;1;1;5;3;0;62162;0;20;Production Technician II;MA;1890;08/19/77;M ;Married;US Citizen;No;White;04/04/2011;;N/A-StillEmployed;Active;Production       ;Ketsia Liebig;19;Indeed;Fully Meets;3.25;5;0;1/14/2019;0;15
10150;Cady; Max ;0;0;1;1;4;3;0;77692;0;25;Software Engineering Manager;MA;2184;11/22/66;M ;Single;US Citizen;No;White;8/15/2011;;N/A-StillEmployed;Active;Software Engineering;Jennifer Zamora;5;Google Search;Fully Meets;3.84;3;5;1/21/2019;0;4
10001;Candie; Calvin;0;0;1;1;5;4;0;72640;0;18;Production Manager;MA;2169;08/09/1983;M ;Single;US Citizen;No;White;1/28/2016;;N/A-StillEmployed;Active;Production       ;Janet King;2;Indeed;Exceeds;5.00;3;0;2/22/2019;0;14
10085;Carabbio; Judith;0;0;0;1;4;3;0;93396;0;24;Software Engineer;MA;2132;04/05/1987;F;Single;US Citizen;No;White;11/11/2013;;N/A-StillEmployed;Active;Software Engineering;Alex Sweetwater;10;Indeed;Fully Meets;4.96;4;6;1/30/2019;0;3
10115;Carey; Michael  ;0;0;1;1;5;3;0;52846;0;19;Production Technician I;MA;1701;02/02/1983;M ;Single;US Citizen;No;Black or African American;3/31/2014;;N/A-StillEmployed;Active;Production       ;Kelley Spirea;18;LinkedIn;Fully Meets;4.43;3;0;02/01/2019;0;14
10082;Carr; Claudia  N;0;0;0;2;3;3;0;100031;0;27;Sr. DBA;MA;1886;06/06/1986;F;Single;US Citizen;No;Black or African American;6/30/2016;;N/A-StillEmployed;Active;IT/IS;Simon Roup;4;LinkedIn;Fully Meets;5.00;5;6;2/18/2019;0;7
10040;Carter; Michelle ;0;0;0;1;6;3;0;71860;0;3;Area Sales Manager;VT;5664;05/15/63;F;Single;US Citizen;No;White;8/18/2014;;N/A-StillEmployed;Active;Sales;John Smith;17;Indeed;Fully Meets;5.00;5;0;1/21/2019;0;7
10067;Chace; Beatrice ;0;0;0;1;5;3;0;61656;0;19;Production Technician I;MA;2763;01/02/1951;F;Single;US Citizen;No;White;9/29/2014;;N/A-StillEmployed;Active;Production       ;Michael Albert;22;Google Search;Fully Meets;5.00;4;0;02/12/2019;0;11
10108;Champaigne; Brian;1;1;1;1;3;3;0;110929;0;5;BI Director;MA;2045;02/09/1972;M ;Married;US Citizen;No;White;09/06/2016;;N/A-StillEmployed;Active;IT/IS;Jennifer Zamora;5;Indeed;Fully Meets;4.50;5;7;1/15/2019;0;8
10210;Chan; Lin;0;0;0;1;5;3;0;54237;0;19;Production Technician I;MA;2170;02/12/1979;F;Single;US Citizen;No;White;05/12/2014;;N/A-StillEmployed;Active;Production       ;Elijiah Gray;16;Indeed;Fully Meets;3.30;4;0;2/19/2019;0;11
10154;Chang; Donovan  E;0;0;1;1;5;3;0;60380;0;19;Production Technician I;MA;1845;08/24/83;M ;Single;US Citizen;No;White;07/08/2013;;N/A-StillEmployed;Active;Production       ;Webster Butler;;LinkedIn;Fully Meets;3.80;5;0;1/14/2019;0;4
10200;Chigurh; Anton;0;0;1;1;6;3;0;66808;0;3;Area Sales Manager;TX;78207;06/11/1970;M ;Single;Eligible NonCitizen;No;Black or African American;5/14/2012;;N/A-StillEmployed;Active;Sales;Lynn Daneault;21;Employee Referral;Fully Meets;3.00;5;0;1/19/2019;0;17
10240;Chivukula; Enola;0;0;0;5;5;3;0;64786;1;19;Production Technician I;MA;1775;08/27/83;F;Single;US Citizen;No;White;6/27/2011;11/15/2015;relocation out of area;Voluntarily Terminated;Production       ;Amy Dunn;11;Indeed;Fully Meets;4.30;4;0;03/10/2015;0;3
10168;Cierpiszewski; Caroline  ;0;0;0;1;5;3;0;64816;0;19;Production Technician I;MA;2044;05/31/88;F;Single;Non-Citizen;No;Black or African American;10/03/2011;;N/A-StillEmployed;Active;Production       ;Ketsia Liebig;19;Indeed;Fully Meets;3.58;5;0;1/30/2019;0;3
10220;Clayton; Rick;0;0;1;1;3;3;0;68678;0;14;IT Support;MA;2170;09/05/1985;M ;Single;US Citizen;No;White;09/05/2012;;N/A-StillEmployed;Active;IT/IS;Eric Dougall;6;Indeed;Fully Meets;4.70;3;6;2/27/2019;0;2
10275;Cloninger; Jennifer;1;1;0;5;5;3;0;64066;1;20;Production Technician II;MA;1752;08/31/81;F;Married;US Citizen;No;White;5/16/2011;01/07/2013;unhappy;Voluntarily Terminated;Production       ;Brannon Miller;12;Google Search;Fully Meets;4.20;5;0;05/03/2012;0;9
10269;Close; Phil;1;1;1;5;5;3;0;59369;1;20;Production Technician II;MA;2169;11/25/78;M ;Married;US Citizen;No;White;8/30/2010;9/26/2011;career change;Voluntarily Terminated;Production       ;David Stanley;14;Indeed;Fully Meets;4.20;4;0;05/04/2011;0;6
10029;Clukey; Elijian;1;1;1;2;5;4;0;50373;0;19;Production Technician I;MA;2134;08/26/80;M ;Married;US Citizen;No;White;07/06/2016;;N/A-StillEmployed;Active;Production       ;Brannon Miller;12;Employee Referral;Exceeds;4.10;4;0;2/28/2019;0;5
10261;Cockel; James;0;0;1;1;5;3;0;63108;0;19;Production Technician I;MA;2452;09/08/1977;M ;Single;US Citizen;No;White;07/08/2013;;N/A-StillEmployed;Active;Production       ;David Stanley;14;Employee Referral;Fully Meets;4.40;5;0;1/14/2019;0;3
10292;Cole; Spencer;0;0;1;4;5;2;0;59144;1;19;Production Technician I;MA;1880;08/12/1979;M ;Single;US Citizen;No;Black or African American;07/11/2011;9/23/2016;performance;Terminated for Cause;Production       ;Kissy Sullivan;20;LinkedIn;Needs Improvement;2.00;3;0;05/01/2016;5;16
10282;Corleone; Michael;0;2;1;1;5;2;0;68051;0;18;Production Manager;MA;1803;12/17/75;M ;Divorced;US Citizen;No;White;7/20/2010;;N/A-StillEmployed;Active;Production       ;Janet King;2;CareerBuilder;Needs Improvement;4.13;2;0;1/14/2019;3;3
10019;Corleone; Vito;0;0;1;1;5;4;0;170500;0;10;Director of Operations;MA;2030;03/19/83;M ;Single;US Citizen;No;Black or African American;01/05/2009;;N/A-StillEmployed;Active;Production       ;Janet King;2;Indeed;Exceeds;3.70;5;0;02/04/2019;0;15
10094;Cornett; Lisa ;1;1;0;1;5;3;0;63381;0;19;Production Technician I;MA;2189;03/31/77;F;Married;US Citizen;Yes;White;01/05/2015;;N/A-StillEmployed;Active;Production       ;Kelley Spirea;18;Indeed;Fully Meets;4.73;5;0;2/14/2019;0;6
10193;Costello; Frank;1;1;1;1;3;3;0;83552;0;9;Data Analyst;MA;1810;08/26/86;M ;Married;US Citizen;No;White;3/30/2015;;N/A-StillEmployed;Active;IT/IS;Simon Roup;4;Indeed;Fully Meets;3.04;3;6;1/22/2019;0;2
10132;Crimmings;   Jean;0;0;0;2;5;3;0;56149;0;19;Production Technician I;MA;1821;04/10/1987;F;Single;US Citizen;No;White;07/06/2016;;N/A-StillEmployed;Active;Production       ;Michael Albert;22;LinkedIn;Fully Meets;4.12;5;0;1/28/2019;0;15
10083;Cross; Noah;0;0;1;1;3;3;0;92329;0;28;Sr. Network Engineer;CT;6278;09/09/1965;M ;Single;US Citizen;No;White;11/10/2014;;N/A-StillEmployed;Active;IT/IS;Peter Monroe;7;Employee Referral;Fully Meets;5.00;3;4;01/02/2019;0;5
10099;Daneault; Lynn;0;0;0;1;6;3;0;65729;0;21;Sales Manager;VT;5473;04/19/90;F;Single;US Citizen;No;White;05/05/2014;;N/A-StillEmployed;Active;Sales;Debra Houlihan;15;Indeed;Fully Meets;4.62;4;0;1/24/2019;0;8
10212;Daniele; Ann  ;1;1;0;3;3;3;0;85028;0;28;Sr. Network Engineer;CT;6033;01/18/52;F;Married;US Citizen;No;White;11/10/2014;;N/A-StillEmployed;Active;IT/IS;Peter Monroe;7;LinkedIn;Fully Meets;3.10;5;8;02/12/2019;0;19
10056;Darson; Jene'ya ;1;1;0;1;5;3;0;57583;0;19;Production Technician I;MA;2110;11/05/1978;F;Married;US Citizen;No;White;07/02/2012;;N/A-StillEmployed;Active;Production       ;Elijiah Gray;16;Indeed;Fully Meets;5.00;3;0;2/25/2019;0;1
10143;Davis; Daniel;0;0;1;1;5;3;0;56294;0;20;Production Technician II;MA;2458;09/14/79;M ;Single;Eligible NonCitizen;No;Two or more races;11/07/2011;;N/A-StillEmployed;Active;Production       ;Kissy Sullivan;20;LinkedIn;Fully Meets;3.96;4;0;2/27/2019;0;6
10311;Dee; Randy;1;1;1;1;6;1;0;56991;0;19;Production Technician I;MA;2138;04/15/88;M ;Married;US Citizen;No;White;07/09/2018;;N/A-StillEmployed;Active;Production       ;Brannon Miller;12;Indeed;Fully Meets;4.3;4;3;1/31/2019;2;2
10070;DeGweck;  James;1;1;1;5;5;3;0;55722;1;19;Production Technician I;MA;1810;10/31/77;M ;Married;US Citizen;No;White;5/16/2011;06/08/2016;unhappy;Voluntarily Terminated;Production       ;Webster Butler;39;Indeed;Fully Meets;5.00;4;0;04/02/2016;0;14
10155;Del Bosque; Keyla;0;0;0;1;4;3;0;101199;0;24;Software Engineer;MA;2176;07/05/1979;F;Single;US Citizen;No;Black or African American;01/09/2012;;N/A-StillEmployed;Active;Software Engineering;Alex Sweetwater;10;CareerBuilder;Fully Meets;3.79;5;5;1/25/2019;0;8
10306;Delarge; Alex;0;0;1;1;6;1;0;61568;0;3;Area Sales Manager;AL;36006;11/02/1975;M ;Single;US Citizen;No;Two or more races;9/29/2014;;N/A-StillEmployed;Active;Sales;John Smith;17;Indeed;PIP;1.93;3;0;1/30/2019;6;5
10100;Demita; Carla;0;3;0;5;5;3;0;58275;1;20;Production Technician II;MA;2343;02/25/51;F;Separated;US Citizen;No;Black or African American;04/04/2011;11/04/2015;more money;Voluntarily Terminated;Production       ;Kelley Spirea;18;Google Search;Fully Meets;4.62;5;0;05/06/2015;0;1
10310;Desimone; Carl ;1;1;1;1;5;1;0;53189;0;19;Production Technician I;MA;2061;04/19/67;M ;Married;US Citizen;No;White;07/07/2014;;N/A-StillEmployed;Active;Production       ;Amy Dunn;11;Indeed;PIP;1.12;2;0;1/31/2019;4;9
10197;DeVito; Tommy;0;0;1;1;3;3;0;96820;0;4;BI Developer;MA;2045;09/04/1983;M ;Single;US Citizen;No;White;2/15/2017;;N/A-StillEmployed;Active;IT/IS;Brian Champaigne;13;Indeed;Fully Meets;3.01;5;7;1/23/2019;0;15
10276;Dickinson; Geoff ;0;0;1;1;5;3;0;51259;0;19;Production Technician I;MA;2180;11/15/82;M ;Single;US Citizen;No;White;05/12/2014;;N/A-StillEmployed;Active;Production       ;Ketsia Liebig;19;Indeed;Fully Meets;4.30;4;0;2/19/2019;0;1
10304;Dietrich; Jenna  ;0;0;0;1;6;1;0;59231;0;3;Area Sales Manager;WA;98052;05/14/87;F;Single;US Citizen;Yes;White;2/20/2012;;N/A-StillEmployed;Active;Sales;John Smith;17;Website;PIP;2.30;1;0;1/29/2019;2;17
10284;DiNocco; Lily ;1;1;0;1;5;2;0;61584;0;19;Production Technician I;MA;2351;12/02/1978;F;Married;US Citizen;No;Black or African American;01/07/2013;;N/A-StillEmployed;Active;Production       ;Brannon Miller;12;Indeed;Needs Improvement;3.88;4;0;1/18/2019;0;6
10207;Dobrin; Denisa  S;0;0;0;1;5;3;0;46335;0;19;Production Technician I;MA;2125;10/07/1986;F;Single;US Citizen;Yes;White;04/02/2012;;N/A-StillEmployed;Active;Production       ;David Stanley;14;CareerBuilder;Fully Meets;3.40;5;0;2/19/2019;0;15
10133;Dolan; Linda;1;1;0;1;3;3;0;70621;0;14;IT Support;MA;2119;07/18/88;F;Married;US Citizen;No;White;01/05/2015;;N/A-StillEmployed;Active;IT/IS;Peter Monroe;7;Employee Referral;Fully Meets;4.11;4;6;2/25/2019;0;16
10028;Dougall; Eric;0;0;1;1;3;4;0;138888;0;13;IT Manager - Support;MA;1886;07/09/1970;M ;Single;US Citizen;No;Black or African American;01/05/2014;;N/A-StillEmployed;Active;IT/IS;Jennifer Zamora;5;Indeed;Exceeds;4.30;5;5;01/04/2019;0;4
10006;Driver; Elle;0;0;0;1;6;4;0;74241;0;3;Area Sales Manager;CA;90007;11/08/1988;F;Single;US Citizen;No;White;01/10/2011;;N/A-StillEmployed;Active;Sales;Lynn Daneault;21;Indeed;Exceeds;4.77;5;0;1/27/2019;0;14
10105;Dunn; Amy  ;0;0;0;1;5;3;0;75188;0;18;Production Manager;MA;1731;11/28/73;F;Single;US Citizen;No;White;9/18/2014;;N/A-StillEmployed;Active;Production       ;Janet King;2;Google Search;Fully Meets;4.52;4;0;1/15/2019;0;4
10211;Dunne; Amy;1;1;0;1;5;3;0;62514;0;19;Production Technician I;MA;1749;09/23/73;F;Married;US Citizen;No;White;4/26/2010;;N/A-StillEmployed;Active;Production       ;Ketsia Liebig;19;Google Search;Fully Meets;2.90;3;0;1/21/2019;0;6
10064;Eaton; Marianne;1;1;0;5;5;3;0;60070;1;19;Production Technician I;MA;2343;09/05/1991;F;Married;US Citizen;No;White;04/04/2011;06/06/2017;military;Voluntarily Terminated;Production       ;Kissy Sullivan;20;Google Search;Fully Meets;5.00;3;0;04/09/2017;0;7
10247;Engdahl; Jean;0;0;1;1;5;3;0;48888;0;19;Production Technician I;MA;2026;05/31/74;M ;Single;US Citizen;No;White;11/10/2014;;N/A-StillEmployed;Active;Production       ;Kelley Spirea;18;LinkedIn;Fully Meets;4.70;5;0;2/13/2019;0;8
10235;England; Rex;1;1;1;1;5;3;0;54285;0;19;Production Technician I;MA;2045;08/25/78;M ;Married;US Citizen;No;White;3/31/2014;;N/A-StillEmployed;Active;Production       ;Kelley Spirea;18;Employee Referral;Fully Meets;4.20;3;0;01/11/2019;0;3
10299;Erilus; Angela;0;3;0;1;5;1;0;56847;0;20;Production Technician II;MA;2133;08/25/89;F;Separated;US Citizen;No;White;07/07/2014;;N/A-StillEmployed;Active;Production       ;Michael Albert;22;Indeed;PIP;3.00;1;0;2/25/2019;2;5
10280;Estremera; Miguel;0;0;1;4;5;2;0;60340;1;19;Production Technician I;MA;2129;09/02/1983;M ;Single;US Citizen;No;White;04/02/2012;9/27/2018;attendance;Terminated for Cause;Production       ;Michael Albert;22;Google Search;Needs Improvement;5.00;4;0;04/12/2018;5;16
10296;Evensen; April;0;0;0;4;5;2;0;59124;1;19;Production Technician I;MA;2458;05/06/1989;F;Single;US Citizen;No;White;2/17/2014;2/25/2018;no-call, no-show;Terminated for Cause;Production       ;Elijiah Gray;16;Google Search;Needs Improvement;2.30;3;0;1/15/2017;5;19
10290;Exantus; Susan;1;1;0;4;4;2;0;99280;1;24;Software Engineer;MA;1749;05/15/87;F;Married;US Citizen;No;Black or African American;05/02/2011;06/05/2013;attendance;Terminated for Cause;Software Engineering;Alex Sweetwater;10;Indeed;Needs Improvement;2.10;5;4;08/10/2012;4;19
10263;Faller; Megan ;1;1;0;1;5;3;0;71776;0;20;Production Technician II;MA;1824;09/22/78;F;Married;US Citizen;No;Black or African American;07/07/2014;;N/A-StillEmployed;Active;Production       ;Elijiah Gray;16;LinkedIn;Fully Meets;4.40;5;0;2/22/2019;0;17
10136;Fancett; Nicole;0;0;0;1;5;3;0;65902;0;20;Production Technician II;MA;2324;09/27/87;F;Single;US Citizen;No;Black or African American;2/17/2014;;N/A-StillEmployed;Active;Production       ;Webster Butler;;LinkedIn;Fully Meets;4.00;4;0;01/07/2019;0;7
10189;Ferguson; Susan;1;1;0;5;5;3;0;57748;1;19;Production Technician I;MA;2176;04/14/55;F;Married;US Citizen;No;White;11/07/2011;5/17/2016;military;Voluntarily Terminated;Production       ;Webster Butler;39;Google Search;Fully Meets;3.13;3;0;02/04/2016;0;16
10308;Fernandes; Nilson  ;1;1;1;1;5;1;0;64057;0;19;Production Technician I;MA;2132;10/18/89;M ;Married;US Citizen;No;White;05/11/2015;;N/A-StillEmployed;Active;Production       ;Amy Dunn;11;Indeed;PIP;1.56;5;0;01/03/2019;6;15
10309;Fett; Boba;0;0;1;1;3;1;0;53366;0;15;Network Engineer;MA;2138;06/18/87;M ;Single;US Citizen;No;White;3/30/2015;;N/A-StillEmployed;Active;IT/IS;Peter Monroe;7;LinkedIn;PIP;1.20;3;6;02/04/2019;3;2
10049;Fidelia;  Libby;1;1;0;1;5;3;0;58530;0;19;Production Technician I;MA;2155;03/16/81;F;Married;US Citizen;No;White;01/09/2012;;N/A-StillEmployed;Active;Production       ;Brannon Miller;12;Google Search;Fully Meets;5.00;5;0;1/29/2019;0;19
10093;Fitzpatrick; Michael  J;0;0;1;5;5;3;0;72609;1;20;Production Technician II;MA;2143;10/01/1981;M ;Single;US Citizen;Yes;White;5/16/2011;6/24/2013;hours;Voluntarily Terminated;Production       ;Amy Dunn;11;Google Search;Fully Meets;4.76;5;0;04/05/2013;0;20
10163;Foreman; Tanya;1;1;0;5;5;3;0;55965;1;20;Production Technician II;MA;2170;11/08/1983;F;Married;US Citizen;No;White;04/04/2011;01/09/2013;career change;Voluntarily Terminated;Production       ;Ketsia Liebig;19;Google Search;Fully Meets;3.66;3;0;01/07/2012;0;6
10305;Forrest; Alex;1;1;1;1;6;3;0;70187;1;3;Area Sales Manager;MA;2330;07/07/1975;M ;Married;US Citizen;No;White;9/29/2014;8/19/2018;Fatal attraction;Terminated for Cause;Sales;Lynn Daneault;21;Employee Referral;PIP;2.00;5;0;1/28/2019;4;7
10015;Foss; Jason;0;0;1;1;3;4;0;178000;0;12;IT Director;MA;1460;07/05/1980;M ;Single;US Citizen;No;Black or African American;4/15/2011;;N/A-StillEmployed;Active;IT/IS;Jennifer Zamora;5;Indeed;Exceeds;5.00;5;5;01/07/2019;0;15
10080;Foster-Baker; Amy;1;1;0;1;1;3;0;99351;0;26;Sr. Accountant;MA;2050;04/16/79;F;Married;US Citizen;no;White;01/05/2009;;N/A-StillEmployed;Active;Admin Offices;Board of Directors;9;Other;Fully Meets;5.00;3;2;02/08/2019;0;3
10258;Fraval; Maruk ;0;0;1;1;6;3;0;67251;0;3;Area Sales Manager;CT;6050;08/28/63;M ;Single;US Citizen;No;Black or African American;09/06/2011;;N/A-StillEmployed;Active;Sales;Lynn Daneault;21;CareerBuilder;Fully Meets;4.30;3;0;1/27/2019;2;7
10273;Galia; Lisa;0;0;0;1;3;3;0;65707;0;14;IT Support;CT;6040;07/06/1968;F;Single;US Citizen;No;White;05/01/2010;;N/A-StillEmployed;Active;IT/IS;Eric Dougall;6;LinkedIn;Fully Meets;4.70;4;5;02/01/2019;0;1
10111;Garcia; Raul;0;0;1;1;5;3;0;52249;0;19;Production Technician I;MA;1905;09/15/85;M ;Single;US Citizen;Yes;White;3/30/2015;;N/A-StillEmployed;Active;Production       ;David Stanley;14;Employee Referral;Fully Meets;4.50;3;0;2/18/2019;0;5
10257;Gaul; Barbara;0;0;0;1;5;3;0;53171;0;19;Production Technician I;MA;2121;12/02/1983;F;Single;US Citizen;Yes;Black or African American;5/16/2011;;N/A-StillEmployed;Active;Production       ;Kelley Spirea;18;LinkedIn;Fully Meets;4.20;4;0;2/26/2019;0;12
10159;Gentry; Mildred;1;1;0;1;5;3;0;51337;0;19;Production Technician I;MA;2145;10/01/1990;F;Married;US Citizen;No;Black or African American;3/30/2015;;N/A-StillEmployed;Active;Production       ;Michael Albert;22;LinkedIn;Fully Meets;3.73;3;0;1/16/2019;0;19
10122;Gerke; Melisa;0;2;0;5;5;3;1;51505;1;19;Production Technician I;MA;2330;05/15/70;F;Divorced;US Citizen;No;Black or African American;11/07/2011;11/15/2016;hours;Voluntarily Terminated;Production       ;Elijiah Gray;16;Diversity Job Fair;Fully Meets;4.24;4;0;4/29/2016;0;2
10142;Gill; Whitney  ;0;4;0;4;6;3;0;59370;1;3;Area Sales Manager;OH;43050;07/10/1971;F;Widowed;US Citizen;No;Black or African American;07/07/2014;09/05/2015;attendance;Terminated for Cause;Sales;John Smith;17;CareerBuilder;Fully Meets;3.97;4;0;1/15/2014;0;7
10283;Gilles; Alex;1;1;1;5;5;2;1;54933;1;19;Production Technician I;MA;2062;08/09/1974;M ;Married;US Citizen;No;Black or African American;04/02/2012;6/25/2015;military;Voluntarily Terminated;Production       ;Webster Butler;39;Diversity Job Fair;Needs Improvement;3.97;4;0;1/20/2015;3;15
10018;Girifalco; Evelyn;0;0;0;1;5;4;0;57815;0;19;Production Technician I;MA;2451;05/08/1980;F;Single;US Citizen;Yes;Two or more races;9/29/2014;;N/A-StillEmployed;Active;Production       ;Amy Dunn;11;Indeed;Exceeds;3.90;4;0;02/07/2019;0;3
10255;Givens; Myriam;0;0;0;1;6;3;0;61555;0;3;Area Sales Manager;IN;46204;09/22/89;F;Single;US Citizen;No;White;2/16/2015;;N/A-StillEmployed;Active;Sales;Lynn Daneault;21;Indeed;Fully Meets;4.50;5;0;1/25/2019;0;20
10246;Goble; Taisha;0;0;0;4;3;3;0;114800;1;8;Database Administrator;MA;2127;10/23/71;F;Single;US Citizen;No;White;2/16/2015;3/15/2015;no-call, no-show;Terminated for Cause;IT/IS;Simon Roup;4;Indeed;Fully Meets;4.60;4;4;1/20/2015;0;10
10228;Goeth; Amon;1;1;1;1;3;3;0;74679;0;14;IT Support;MA;2135;11/24/89;M ;Married;US Citizen;Yes;White;3/30/2015;;N/A-StillEmployed;Active;IT/IS;Peter Monroe;7;LinkedIn;Fully Meets;4.30;5;7;01/10/2019;0;20
10243;Gold; Shenice  ;0;0;0;1;5;3;0;53018;0;19;Production Technician I;MA;2451;06/18/92;F;Single;US Citizen;Yes;White;11/11/2013;;N/A-StillEmployed;Active;Production       ;Ketsia Liebig;19;Indeed;Fully Meets;4.30;5;0;2/18/2019;0;7
10031;Gonzalez; Cayo;0;2;1;1;5;4;1;59892;0;19;Production Technician I;MA;2108;09/29/69;M ;Divorced;US Citizen;No;Black or African American;07/11/2011;;N/A-StillEmployed;Active;Production       ;Brannon Miller;12;Diversity Job Fair;Exceeds;4.50;4;0;2/18/2019;0;1
10300;Gonzalez; Juan;1;1;1;5;5;1;1;68898;1;20;Production Technician II;MA;2128;10/12/1964;M ;Married;US Citizen;No;Black or African American;4/26/2010;5/30/2011;career change;Voluntarily Terminated;Production       ;Brannon Miller;12;Diversity Job Fair;PIP;3.00;3;0;03/06/2011;3;10
10101;Gonzalez; Maria;0;3;0;1;3;3;0;61242;0;14;IT Support;MA;2472;04/16/81;F;Separated;US Citizen;Yes;White;01/05/2015;;N/A-StillEmployed;Active;IT/IS;Peter Monroe;7;Employee Referral;Fully Meets;4.61;4;5;1/28/2019;0;11
10237;Good; Susan;1;1;0;3;5;3;0;66825;0;20;Production Technician II;MA;1886;05/25/86;F;Married;US Citizen;No;White;05/12/2014;;N/A-StillEmployed;Active;Production       ;David Stanley;14;LinkedIn;Fully Meets;4.60;3;0;02/07/2019;0;20
10051;Gordon; David;1;1;1;1;5;3;0;48285;0;19;Production Technician I;MA;2169;05/21/79;M ;Married;US Citizen;No;White;07/02/2012;;N/A-StillEmployed;Active;Production       ;David Stanley;14;LinkedIn;Fully Meets;5.00;3;0;1/14/2019;0;2
10218;Gosciminski; Phylicia  ;0;3;0;3;5;3;0;66149;0;20;Production Technician II;MA;1824;12/08/1983;F;Separated;US Citizen;No;American Indian or Alaska Native;9/30/2013;;N/A-StillEmployed;Active;Production       ;Kissy Sullivan;20;Google Search;Fully Meets;4.40;5;0;2/21/2019;0;1
10256;Goyal; Roxana;1;1;0;3;5;3;0;49256;0;19;Production Technician I;MA;1864;10/09/1974;F;Married;US Citizen;No;Asian;8/19/2013;;N/A-StillEmployed;Active;Production       ;Kissy Sullivan;20;LinkedIn;Fully Meets;4.10;5;0;2/15/2019;0;3
10098;Gray; Elijiah  ;0;2;1;1;5;3;0;62957;0;18;Production Manager;MA;1752;07/11/1981;M ;Divorced;US Citizen;No;White;06/02/2015;;N/A-StillEmployed;Active;Production       ;Janet King;2;Employee Referral;Fully Meets;4.63;3;0;01/04/2019;0;2
10059;Gross; Paula;0;2;0;5;5;3;0;63813;1;19;Production Technician I;MA;2176;05/21/83;F;Divorced;US Citizen;No;White;2/21/2011;01/11/2014;more money;Voluntarily Terminated;Production       ;Kelley Spirea;18;CareerBuilder;Fully Meets;5.00;5;0;06/03/2013;0;17
10234;Gruber; Hans;1;1;1;1;3;3;0;99020;0;4;BI Developer;MA;2134;06/30/89;M ;Married;US Citizen;No;Black or African American;4/20/2017;;N/A-StillEmployed;Active;IT/IS;Brian Champaigne;13;Indeed;Fully Meets;4.20;5;5;1/28/2019;0;8
10109;Guilianno; Mike;0;0;1;5;6;3;0;71707;1;3;Area Sales Manager;TN;37129;02/09/1969;M ;Single;US Citizen;No;Two or more races;03/07/2012;10/31/2014;relocation out of area;Voluntarily Terminated;Sales;John Smith;17;LinkedIn;Fully Meets;4.50;5;0;02/01/2013;0;20
10125;Handschiegl; Joanne;1;1;0;1;5;3;0;54828;0;19;Production Technician I;MA;2127;03/23/77;F;Married;US Citizen;No;White;11/28/2011;;N/A-StillEmployed;Active;Production       ;Michael Albert;22;Google Search;Fully Meets;4.20;4;0;2/22/2019;0;13
10074;Hankard; Earnest;0;0;1;1;5;3;0;64246;0;20;Production Technician II;MA;2155;08/10/1988;M ;Single;US Citizen;Yes;White;11/11/2013;;N/A-StillEmployed;Active;Production       ;Kelley Spirea;18;LinkedIn;Fully Meets;5.00;3;0;01/08/2019;0;20
10097;Harrington; Christie ;0;0;0;5;5;3;0;52177;1;19;Production Technician I;MA;2324;08/18/52;F;Single;US Citizen;No;White;01/09/2012;12/15/2015;retiring;Voluntarily Terminated;Production       ;Webster Butler;39;CareerBuilder;Fully Meets;4.64;4;0;05/02/2015;0;8
10007;Harrison; Kara;1;1;0;1;5;4;0;62065;0;19;Production Technician I;MA;1886;05/02/1974;F;Married;US Citizen;No;White;05/12/2014;;N/A-StillEmployed;Active;Production       ;Amy Dunn;11;CareerBuilder;Exceeds;4.76;4;0;2/15/2019;0;5
10129;Heitzman; Anthony;0;0;1;1;5;3;0;46998;0;19;Production Technician I;MA;2149;01/04/1984;M ;Single;US Citizen;No;White;8/13/2012;;N/A-StillEmployed;Active;Production       ;Ketsia Liebig;19;Google Search;Fully Meets;4.17;4;0;02/11/2019;0;1
10075;Hendrickson; Trina;0;0;0;5;5;3;0;68099;1;20;Production Technician II;MA;2021;08/27/72;F;Single;US Citizen;No;White;01/10/2011;6/18/2013;hours;Voluntarily Terminated;Production       ;Kelley Spirea;18;CareerBuilder;Fully Meets;5.00;3;0;1/30/2013;0;15
10167;Hitchcock; Alfred;1;1;1;1;6;3;0;70545;0;3;Area Sales Manager;NH;3062;09/14/88;M ;Married;US Citizen;No;American Indian or Alaska Native;8/18/2014;;N/A-StillEmployed;Active;Sales;John Smith;17;Indeed;Fully Meets;3.60;5;0;1/30/2019;0;9
10195;Homberger; Adrienne  J;1;1;0;5;5;3;0;63478;1;20;Production Technician II;MA;2445;02/16/84;F;Married;Non-Citizen;No;White;8/15/2011;04/07/2012;relocation out of area;Voluntarily Terminated;Production       ;Michael Albert;30;Indeed;Fully Meets;3.03;5;0;03/05/2012;0;16
10112;Horton; Jayne;0;0;0;1;3;3;0;97999;0;8;Database Administrator;MA;2493;02/21/84;F;Single;US Citizen;No;White;3/30/2015;;N/A-StillEmployed;Active;IT/IS;Simon Roup;4;Indeed;Fully Meets;4.48;5;6;01/03/2019;0;4
10272;Houlihan; Debra;1;1;0;1;6;3;0;180000;0;11;Director of Sales;RI;2908;03/17/66;F;Married;US Citizen;No;White;05/05/2014;;N/A-StillEmployed;Active;Sales;Janet King;2;LinkedIn;Fully Meets;4.50;4;0;1/21/2019;0;19
10182;Howard; Estelle;1;1;0;1;1;3;0;49920;1;2;Administrative Assistant;MA;2170;09/16/85;F;Married;US Citizen;No;Black or African American;2/16/2015;4/15/2015;no-call, no-show;Terminated for Cause;Admin Offices;Brandon R. LeBlanc;1;Indeed;Fully Meets;3.24;3;4;4/15/2015;0;6
10248;Hudson; Jane;0;0;0;1;5;3;0;55425;0;19;Production Technician I;MA;2176;06/10/1986;F;Single;US Citizen;No;White;2/20/2012;;N/A-StillEmployed;Active;Production       ;Ketsia Liebig;19;LinkedIn;Fully Meets;4.80;4;0;01/07/2019;0;4
10201;Hunts; Julissa;0;0;0;2;5;3;0;69340;0;20;Production Technician II;MA;2021;03/11/1984;F;Single;US Citizen;No;White;06/06/2016;;N/A-StillEmployed;Active;Production       ;Elijiah Gray;16;LinkedIn;Fully Meets;3.00;5;0;1/18/2019;0;4
10214;Hutter; Rosalie;0;3;0;2;5;3;0;64995;0;20;Production Technician II;MA;2351;05/07/1992;F;Separated;US Citizen;No;White;06/05/2015;;N/A-StillEmployed;Active;Production       ;Webster Butler;;Indeed;Fully Meets;4.50;3;0;2/14/2019;0;6
10160;Huynh; Ming;0;2;0;5;5;3;0;68182;1;20;Production Technician II;MA;1742;09/22/76;F;Divorced;US Citizen;No;White;2/21/2011;04/01/2013;unhappy;Voluntarily Terminated;Production       ;Amy Dunn;11;Google Search;Fully Meets;3.72;3;0;02/01/2013;0;18
10289;Immediato; Walter;1;1;1;5;5;2;0;83082;1;18;Production Manager;MA;2128;11/15/76;M ;Married;US Citizen;No;Asian;2/21/2011;9/24/2012;unhappy;Voluntarily Terminated;Production       ;Janet King;2;Indeed;Needs Improvement;2.34;2;0;04/12/2012;3;4
10139;Ivey; Rose ;0;0;0;1;5;3;0;51908;0;19;Production Technician I;MA;1775;01/28/91;F;Single;US Citizen;No;White;8/19/2013;;N/A-StillEmployed;Active;Production       ;Brannon Miller;12;Indeed;Fully Meets;3.99;3;0;1/14/2019;0;14
10227;Jackson; Maryellen;0;0;0;1;5;3;0;61242;0;19;Production Technician I;MA;2081;09/11/1972;F;Single;US Citizen;No;Black or African American;11/05/2012;;N/A-StillEmployed;Active;Production       ;David Stanley;14;LinkedIn;Fully Meets;4.10;3;0;1/17/2019;0;7
10236;Jacobi; Hannah  ;0;2;0;1;5;3;0;45069;0;19;Production Technician I;MA;1778;03/22/66;F;Divorced;US Citizen;No;White;9/30/2013;;N/A-StillEmployed;Active;Production       ;Kissy Sullivan;20;Employee Referral;Fully Meets;4.30;5;0;2/22/2019;0;7
10009;Jeannite; Tayana;0;2;0;1;5;4;0;60724;0;20;Production Technician II;MA;1821;11/06/1986;F;Divorced;US Citizen;No;American Indian or Alaska Native;07/05/2011;;N/A-StillEmployed;Active;Production       ;Ketsia Liebig;19;LinkedIn;Exceeds;4.60;4;0;2/25/2019;0;11
10060;Jhaveri; Sneha  ;0;3;0;1;5;3;0;60436;0;19;Production Technician I;MA;2109;04/13/64;F;Separated;US Citizen;No;White;01/06/2014;;N/A-StillEmployed;Active;Production       ;Kelley Spirea;18;LinkedIn;Fully Meets;5.00;5;0;1/21/2019;0;9
10034;Johnson; George;1;1;1;5;5;4;0;46837;1;19;Production Technician I;MA;2445;08/19/59;M ;Married;US Citizen;No;White;11/07/2011;4/29/2018;more money;Voluntarily Terminated;Production       ;Michael Albert;22;CareerBuilder;Exceeds;4.70;4;0;2/14/2018;0;9
10156;Johnson; Noelle ;1;1;0;3;3;3;0;105700;0;8;Database Administrator;MA;2301;11/07/1986;F;Married;US Citizen;No;Asian;01/05/2015;;N/A-StillEmployed;Active;IT/IS;Simon Roup;4;Indeed;Fully Meets;3.75;3;5;02/11/2019;0;2
10036;Johnston; Yen;0;0;0;1;5;4;0;63322;0;20;Production Technician II;MA;2128;09/08/1969;F;Single;US Citizen;No;White;07/07/2014;;N/A-StillEmployed;Active;Production       ;Brannon Miller;12;LinkedIn;Exceeds;4.30;3;0;01/11/2019;0;1
10138;Jung; Judy  ;1;1;0;5;5;3;0;61154;1;19;Production Technician I;MA;2446;04/17/86;F;Married;US Citizen;No;Black or African American;01/10/2011;04/01/2016;unhappy;Voluntarily Terminated;Production       ;Elijiah Gray;16;CareerBuilder;Fully Meets;4.00;4;0;02/03/2016;0;4
10244;Kampew; Donysha;0;0;0;5;6;3;0;68999;1;21;Sales Manager;PA;19444;11/11/1989;F;Single;US Citizen;No;White;11/07/2011;4/24/2014;maternity leave - did not return;Voluntarily Terminated;Sales;Debra Houlihan;15;Google Search;Fully Meets;4.50;5;0;3/30/2013;0;2
10192;Keatts; Kramer ;0;0;1;1;5;3;0;50482;0;19;Production Technician I;MA;1887;01/19/76;M ;Single;US Citizen;No;White;9/30/2013;;N/A-StillEmployed;Active;Production       ;Michael Albert;22;Indeed;Fully Meets;3.07;4;0;1/23/2019;0;10
10231;Khemmich; Bartholemew;0;0;1;1;6;3;0;65310;0;3;Area Sales Manager;CO;80820;11/27/79;M ;Single;US Citizen;No;White;8/19/2013;;N/A-StillEmployed;Active;Sales;Lynn Daneault;21;Indeed;Fully Meets;4.30;5;0;1/22/2019;0;13
10089;King; Janet;1;1;0;1;2;3;0;250000;0;16;President & CEO;MA;1902;09/21/54;F;Married;US Citizen;Yes;White;07/02/2012;;N/A-StillEmployed;Active;Executive Office;Board of Directors;9;Indeed;Fully Meets;4.83;3;0;1/17/2019;0;10
10166;Kinsella; Kathleen  ;1;1;0;5;5;3;0;54005;1;19;Production Technician I;MA;2170;12/08/1973;F;Married;US Citizen;No;White;9/26/2011;06/04/2015;more money;Voluntarily Terminated;Production       ;Webster Butler;39;Google Search;Fully Meets;3.60;5;0;03/01/2015;0;16
10170;Kirill; Alexandra  ;1;1;0;5;5;3;0;45433;1;19;Production Technician I;MA;2127;10/08/1970;F;Married;US Citizen;No;White;9/26/2011;01/09/2014;more money;Voluntarily Terminated;Production       ;Amy Dunn;11;Google Search;Fully Meets;3.49;4;0;1/30/2013;0;6
10208;Knapp; Bradley  J;0;0;1;1;5;3;0;46654;0;19;Production Technician I;MA;1721;11/10/1977;M ;Single;US Citizen;No;Black or African American;2/17/2014;;N/A-StillEmployed;Active;Production       ;Ketsia Liebig;19;LinkedIn;Fully Meets;3.10;3;0;02/06/2019;0;3
10176;Kretschmer; John;1;1;1;1;5;3;0;63973;0;19;Production Technician I;MA;1801;02/02/1980;M ;Married;US Citizen;No;Asian;01/10/2011;;N/A-StillEmployed;Active;Production       ;Brannon Miller;12;Indeed;Fully Meets;3.38;3;0;1/21/2019;0;17
10165;Kreuger; Freddy;0;0;1;1;6;3;1;71339;0;3;Area Sales Manager;NY;10171;02/24/69;M ;Single;US Citizen;Yes;Black or African American;03/07/2011;;N/A-StillEmployed;Active;Sales;John Smith;17;Diversity Job Fair;Fully Meets;3.65;5;0;1/17/2019;0;20
10113;Lajiri;  Jyoti;1;1;1;3;3;3;0;93206;0;28;Sr. Network Engineer;MA;2169;04/23/86;M ;Married;US Citizen;No;White;11/10/2014;;N/A-StillEmployed;Active;IT/IS;Peter Monroe;7;Employee Referral;Fully Meets;4.46;5;6;01/07/2019;0;7
10092;Landa; Hans;1;1;1;4;5;3;0;82758;1;18;Production Manager;MA;1890;07/01/1972;M ;Married;US Citizen;No;White;01/10/2011;12/12/2015;attendance;Terminated for Cause;Production       ;Janet King;2;Employee Referral;Fully Meets;4.78;4;0;2/15/2015;0;9
10106;Langford; Lindsey;0;2;0;5;5;3;0;66074;1;20;Production Technician II;MA;2090;07/25/79;F;Divorced;US Citizen;No;Asian;01/07/2013;3/31/2014;Another position;Voluntarily Terminated;Production       ;David Stanley;14;Indeed;Fully Meets;4.52;3;0;2/20/2014;0;20
10052;Langton; Enrico;1;1;1;1;5;3;0;46120;0;19;Production Technician I;MA;2048;12/09/1986;M ;Married;US Citizen;No;White;07/09/2012;;N/A-StillEmployed;Active;Production       ;David Stanley;14;LinkedIn;Fully Meets;5.00;5;0;02/04/2019;0;13
10038;LaRotonda; William  ;0;2;1;1;1;3;0;64520;0;1;Accountant I;MA;1460;04/26/84;M ;Divorced;US Citizen;No;Black or African American;01/06/2014;;N/A-StillEmployed;Active;Admin Offices;Brandon R. LeBlanc;1;Website;Fully Meets;5.00;4;4;1/17/2019;0;3
10249;Latif; Mohammed;1;1;1;5;5;3;0;61962;1;20;Production Technician II;MA;2126;05/09/1984;M ;Married;US Citizen;No;White;04/02/2012;4/15/2013;more money;Voluntarily Terminated;Production       ;Kissy Sullivan;20;Google Search;Fully Meets;4.90;3;0;2/20/2013;0;20
10232;Le; Binh;0;0;0;1;3;3;0;81584;0;22;Senior BI Developer;MA;1886;06/14/87;F;Single;US Citizen;No;Asian;10/02/2016;;N/A-StillEmployed;Active;IT/IS;Brian Champaigne;13;Indeed;Fully Meets;4.10;5;7;01/08/2019;0;2
10087;Leach; Dallas;0;0;0;5;5;3;0;63676;1;19;Production Technician I;MA;1810;01/17/79;F;Single;US Citizen;No;Asian;9/26/2011;8/19/2018;return to school;Voluntarily Terminated;Production       ;Kissy Sullivan;20;CareerBuilder;Fully Meets;4.88;3;0;07/02/2017;0;17
10134;LeBlanc; Brandon  R;1;1;1;1;1;3;0;93046;0;23;Shared Services Manager;MA;1460;06/10/1984;M ;Married;US Citizen;No;White;01/05/2016;;N/A-StillEmployed;Active;Admin Offices;Janet King;2;CareerBuilder;Fully Meets;4.10;4;0;1/28/2019;0;20
10251;Lecter; Hannibal;1;1;1;1;5;3;0;64738;0;19;Production Technician I;MA;1776;09/02/1982;M ;Married;US Citizen;No;Asian;5/14/2012;;N/A-StillEmployed;Active;Production       ;Elijiah Gray;16;Google Search;Fully Meets;4.10;3;0;2/22/2019;0;10
10103;Leruth; Giovanni;0;3;1;1;6;3;0;70468;0;3;Area Sales Manager;UT;84111;12/27/88;M ;Separated;US Citizen;No;Black or African American;4/30/2012;;N/A-StillEmployed;Active;Sales;John Smith;17;Website;Fully Meets;4.53;3;0;1/29/2019;0;16
10017;Liebig; Ketsia;1;1;0;1;5;4;0;77915;0;18;Production Manager;MA;2110;10/26/81;F;Married;US Citizen;No;White;9/30/2013;;N/A-StillEmployed;Active;Production       ;Janet King;2;Website;Exceeds;4.10;3;0;1/21/2019;0;11
10186;Linares; Marilyn ;1;1;0;5;5;3;0;52624;1;19;Production Technician I;MA;1886;03/26/81;F;Married;US Citizen;No;White;07/05/2011;9/26/2018;unhappy;Voluntarily Terminated;Production       ;Michael Albert;22;Indeed;Fully Meets;3.18;4;0;03/02/2018;0;16
10137;Linden; Mathew;1;1;1;3;5;3;0;63450;0;20;Production Technician II;MA;1770;03/19/79;M ;Married;US Citizen;No;White;07/08/2013;;N/A-StillEmployed;Active;Production       ;Kelley Spirea;18;LinkedIn;Fully Meets;4.00;3;0;2/18/2019;0;7
10008;Lindsay; Leonara ;0;0;0;1;3;4;1;51777;0;14;IT Support;CT;6070;10/05/1988;F;Single;US Citizen;Yes;Black or African American;1/21/2011;;N/A-StillEmployed;Active;IT/IS;Eric Dougall;6;Diversity Job Fair;Exceeds;4.64;4;5;1/25/2019;0;14
10096;Lundy; Susan;0;4;0;5;5;3;0;67237;1;20;Production Technician II;MA;2122;12/26/76;F;Widowed;US Citizen;No;White;07/08/2013;9/15/2016;more money;Voluntarily Terminated;Production       ;Michael Albert;22;LinkedIn;Fully Meets;4.65;4;0;06/10/2016;0;15
10035;Lunquist; Lisa;0;0;0;1;5;4;0;73330;0;20;Production Technician II;MA;2324;03/28/82;F;Single;US Citizen;No;Black or African American;8/19/2013;;N/A-StillEmployed;Active;Production       ;Elijiah Gray;16;Indeed;Exceeds;4.20;4;0;02/12/2019;0;19
10057;Lydon; Allison;1;1;0;3;5;3;0;52057;0;19;Production Technician I;MA;2122;10/22/75;F;Married;US Citizen;No;Black or African American;2/16/2015;;N/A-StillEmployed;Active;Production       ;Elijiah Gray;16;Website;Fully Meets;5.00;3;0;1/23/2019;0;6
10004;Lynch; Lindsay;0;0;0;5;5;4;1;47434;1;19;Production Technician I;MA;1844;02/14/73;F;Single;US Citizen;Yes;Black or African American;11/07/2011;11/14/2015;Another position;Voluntarily Terminated;Production       ;Webster Butler;39;Diversity Job Fair;Exceeds;5.00;4;0;02/02/2015;0;17
10191;MacLennan; Samuel;0;4;1;5;5;3;0;52788;1;19;Production Technician I;MA;1938;11/09/1972;M ;Widowed;US Citizen;No;White;9/24/2012;9/26/2017;hours;Voluntarily Terminated;Production       ;Amy Dunn;11;Indeed;Fully Meets;3.08;4;0;04/01/2017;0;18
10219;Mahoney; Lauren  ;0;0;0;1;5;3;0;45395;0;19;Production Technician I;MA;2189;07/07/1986;F;Single;US Citizen;No;White;01/06/2014;;N/A-StillEmployed;Active;Production       ;Ketsia Liebig;19;LinkedIn;Fully Meets;4.60;4;0;2/26/2019;0;14
10077;Manchester; Robyn;1;1;0;2;5;3;0;62385;0;20;Production Technician II;MA;2324;08/25/76;F;Married;US Citizen;No;White;05/11/2016;;N/A-StillEmployed;Active;Production       ;Webster Butler;;LinkedIn;Fully Meets;5.00;3;0;1/21/2019;0;4
10073;Mancuso; Karen;1;1;0;5;5;3;0;68407;1;20;Production Technician II;MA;2176;12/10/1986;F;Married;US Citizen;No;Two or more races;07/05/2011;8/19/2012;Another position;Voluntarily Terminated;Production       ;Amy Dunn;11;LinkedIn;Fully Meets;5.00;4;0;07/02/2012;0;16
10279;Mangal; Debbie;1;1;0;1;5;3;0;61349;0;19;Production Technician I;MA;2451;11/07/1974;F;Married;US Citizen;No;White;11/11/2013;;N/A-StillEmployed;Active;Production       ;Brannon Miller;12;LinkedIn;Fully Meets;4.10;3;0;1/22/2019;0;11
10110;Martin; Sandra;0;0;0;1;4;3;0;105688;0;24;Software Engineer;MA;2135;11/07/1987;F;Single;US Citizen;No;Asian;11/11/2013;;N/A-StillEmployed;Active;Software Engineering;Alex Sweetwater;10;Google Search;Fully Meets;4.50;5;4;1/14/2019;0;14
10053;Maurice; Shana;1;1;0;1;5;3;0;54132;0;19;Production Technician I;MA;2330;11/22/77;F;Married;US Citizen;No;White;5/31/2011;;N/A-StillEmployed;Active;Production       ;David Stanley;14;Indeed;Fully Meets;5.00;4;0;01/10/2019;0;8
10076;Carthy; B'rigit;0;0;0;1;5;3;0;55315;0;20;Production Technician II;MA;2149;05/21/87;F;Single;US Citizen;No;Black or African American;3/30/2015;;N/A-StillEmployed;Active;Production       ;Ketsia Liebig;19;LinkedIn;Fully Meets;5.00;5;0;02/07/2019;0;16
10145;Mckenna; Sandy;1;1;0;1;5;3;0;62810;0;19;Production Technician I;MA;2184;01/07/1987;F;Married;US Citizen;No;Black or African American;01/07/2013;;N/A-StillEmployed;Active;Production       ;Kissy Sullivan;20;CareerBuilder;Fully Meets;3.93;3;0;1/30/2019;0;20
10202;McKinzie; Jac;1;1;1;2;6;3;0;63291;0;3;Area Sales Manager;TX;78789;07/01/1984;M ;Married;US Citizen;No;Two or more races;07/06/2016;;N/A-StillEmployed;Active;Sales;Lynn Daneault;21;Website;Fully Meets;3.40;4;0;1/29/2019;0;7
10128;Meads; Elizabeth;0;0;0;5;5;3;1;62659;1;19;Production Technician I;MA;1760;05/30/68;F;Single;US Citizen;No;Black or African American;04/02/2012;11/11/2016;Another position;Voluntarily Terminated;Production       ;Kelley Spirea;18;Diversity Job Fair;Fully Meets;4.18;4;0;02/05/2016;0;17
10068;Medeiros; Jennifer;0;0;0;1;5;3;0;55688;0;19;Production Technician I;MA;2346;09/22/76;F;Single;US Citizen;No;White;3/30/2015;;N/A-StillEmployed;Active;Production       ;Michael Albert;22;CareerBuilder;Fully Meets;5.00;4;0;1/21/2019;0;10
10116;Miller; Brannon;0;0;1;1;5;3;0;83667;0;18;Production Manager;MA;2045;08/10/1981;M ;Single;US Citizen;yes;Hispanic;8/16/2012;;N/A-StillEmployed;Active;Production       ;Janet King;2;Indeed;Fully Meets;4.37;3;0;1/14/2019;0;2
10298;Miller; Ned;0;0;1;5;5;1;0;55800;1;20;Production Technician II;MA;2472;06/29/85;M ;Single;US Citizen;No;White;8/15/2011;09/04/2014;unhappy;Voluntarily Terminated;Production       ;Brannon Miller;12;LinkedIn;PIP;3.00;2;0;1/14/2013;6;6
10213;Monkfish; Erasumus;1;1;1;1;5;3;0;58207;0;20;Production Technician II;MA;1450;08/17/92;M ;Married;US Citizen;No;White;11/07/2011;;N/A-StillEmployed;Active;Production       ;David Stanley;14;LinkedIn;Fully Meets;3.70;3;0;01/08/2019;0;14
10288;Monroe; Peter;1;1;1;1;3;2;1;157000;0;13;IT Manager - Infra;MA;2134;10/05/1986;M ;Married;Eligible NonCitizen;Yes;Black or African American;2/15/2012;;N/A-StillEmployed;Active;IT/IS;Jennifer Zamora;5;Diversity Job Fair;Needs Improvement;2.39;3;6;2/22/2019;4;13
10025;Monterro; Luisa;0;0;0;1;5;4;0;72460;0;20;Production Technician II;MA;2126;04/24/70;F;Single;US Citizen;No;Black or African American;5/13/2013;;N/A-StillEmployed;Active;Production       ;Kissy Sullivan;20;Indeed;Exceeds;4.70;3;0;1/14/2019;0;1
10223;Moran; Patrick;0;0;1;3;5;3;1;72106;0;20;Production Technician II;MA;2127;12/03/1976;M ;Single;US Citizen;No;Black or African American;01/09/2012;;N/A-StillEmployed;Active;Production       ;Kelley Spirea;18;Diversity Job Fair;Fully Meets;4.10;4;0;1/31/2019;0;12
10151;Morway; Tanya;1;1;0;1;3;3;0;52599;0;15;Network Engineer;MA;2048;04/04/1979;F;Married;US Citizen;No;White;2/16/2015;;N/A-StillEmployed;Active;IT/IS;Peter Monroe;7;CareerBuilder;Fully Meets;3.81;3;6;02/11/2019;0;6
10254;Motlagh;  Dawn;0;2;0;1;5;3;0;63430;0;19;Production Technician I;MA;2453;07/07/1984;F;Divorced;US Citizen;No;White;04/01/2013;;N/A-StillEmployed;Active;Production       ;Elijiah Gray;16;LinkedIn;Fully Meets;4.40;4;0;1/17/2019;0;18
10120;Moumanil; Maliki ;0;3;1;1;5;3;0;74417;0;20;Production Technician II;MA;1460;12/01/1974;M ;Separated;US Citizen;No;Black or African American;5/13/2013;;N/A-StillEmployed;Active;Production       ;Michael Albert;22;LinkedIn;Fully Meets;4.29;5;0;1/28/2019;0;11
10216;Myers; Michael;0;0;1;1;5;3;0;57575;0;19;Production Technician I;MA;1550;04/18/80;M ;Single;US Citizen;No;Asian;07/08/2013;;N/A-StillEmployed;Active;Production       ;Kissy Sullivan;20;LinkedIn;Fully Meets;4.10;4;0;1/22/2019;0;13
10079;Navathe; Kurt;0;0;1;1;3;3;0;87921;0;22;Senior BI Developer;MA;2056;04/25/70;M ;Single;US Citizen;No;Asian;02/10/2017;;N/A-StillEmployed;Active;IT/IS;Brian Champaigne;13;Indeed;Fully Meets;5.00;3;6;2/25/2019;0;17
10215;Ndzi; Colombui;0;0;1;5;5;3;1;50470;1;19;Production Technician I;MA;2110;05/02/1989;M ;Single;US Citizen;No;Black or African American;9/26/2011;04/04/2014;return to school;Voluntarily Terminated;Production       ;Webster Butler;39;Diversity Job Fair;Fully Meets;4.30;3;0;03/02/2013;0;19
10185;Ndzi; Horia;1;1;1;5;5;3;0;46664;1;19;Production Technician I;MA;2421;03/28/83;M ;Married;US Citizen;No;White;04/01/2013;5/25/2016;more money;Voluntarily Terminated;Production       ;Amy Dunn;11;Employee Referral;Fully Meets;3.18;3;0;03/06/2016;0;10
10063;Newman; Richard ;1;1;1;3;5;3;0;48495;0;19;Production Technician I;MA;2136;04/08/1977;M ;Married;US Citizen;No;White;05/12/2014;;N/A-StillEmployed;Active;Production       ;Ketsia Liebig;19;LinkedIn;Fully Meets;5.00;5;0;2/18/2019;0;11
10037;Ngodup; Shari ;0;3;0;1;5;4;1;52984;0;19;Production Technician I;MA;1810;06/03/1967;F;Separated;US Citizen;No;Black or African American;04/01/2013;;N/A-StillEmployed;Active;Production       ;Brannon Miller;12;Diversity Job Fair;Exceeds;4.00;3;0;2/13/2019;0;12
10042;Nguyen; Dheepa;0;0;0;1;6;3;0;63695;0;3;Area Sales Manager;GA;30428;03/31/89;F;Single;US Citizen;No;Two or more races;07/08/2013;;N/A-StillEmployed;Active;Sales;Lynn Daneault;21;Indeed;Fully Meets;5.00;5;0;1/25/2019;0;2
10206;Nguyen; Lei-Ming;0;0;0;1;5;3;0;62061;0;19;Production Technician I;MA;2132;07/07/1984;F;Single;US Citizen;No;White;07/08/2013;;N/A-StillEmployed;Active;Production       ;David Stanley;14;LinkedIn;Fully Meets;3.60;5;0;01/02/2019;0;4
10104;Nowlan; Kristie;0;0;0;1;5;3;0;66738;0;20;Production Technician II;MA;1040;11/23/85;F;Single;US Citizen;No;White;11/10/2014;;N/A-StillEmployed;Active;Production       ;Elijiah Gray;16;Indeed;Fully Meets;4.53;5;0;1/16/2019;0;5
10303;O'hare; Lynn;0;0;0;4;5;1;0;52674;1;19;Production Technician I;MA;2152;09/30/80;F;Single;US Citizen;No;Two or more races;3/31/2014;05/01/2018;performance;Terminated for Cause;Production       ;Kissy Sullivan;20;LinkedIn;PIP;2.33;2;0;03/09/2018;6;3
10078;Oliver; Brooke ;1;1;0;5;5;3;0;71966;1;20;Production Technician II;MA;2492;02/11/1952;F;Married;US Citizen;No;Asian;5/14/2012;8/19/2013;unhappy;Voluntarily Terminated;Production       ;Webster Butler;39;LinkedIn;Fully Meets;5.00;3;0;07/02/2013;0;17
10121;Onque; Jasmine;0;0;0;1;6;3;0;63051;0;3;Area Sales Manager;FL;33174;05/11/1990;F;Single;US Citizen;Yes;White;9/30/2013;;N/A-StillEmployed;Active;Sales;Lynn Daneault;21;Indeed;Fully Meets;4.28;3;0;1/25/2019;0;1
10021;Osturnka; Adeel;1;1;1;1;5;4;0;47414;0;19;Production Technician I;MA;2478;12/11/1976;M ;Married;US Citizen;No;White;9/30/2013;;N/A-StillEmployed;Active;Production       ;Kelley Spirea;18;LinkedIn;Exceeds;5.00;3;0;02/07/2019;0;13
10281;Owad; Clinton;0;0;1;1;5;2;0;53060;0;19;Production Technician I;MA;1760;11/24/79;M ;Single;US Citizen;No;Black or African American;2/17/2014;;N/A-StillEmployed;Active;Production       ;Michael Albert;22;LinkedIn;Needs Improvement;4.25;3;0;02/04/2019;4;6
10041;Ozark; Travis;0;0;1;1;6;3;0;68829;0;3;Area Sales Manager;NC;27229;05/19/82;M ;Single;US Citizen;No;White;01/05/2015;;N/A-StillEmployed;Active;Sales;John Smith;17;Website;Fully Meets;5.00;5;0;1/14/2019;0;18
10148;Panjwani; Nina;1;1;0;5;5;3;0;63515;1;19;Production Technician I;MA;2351;05/01/1979;F;Married;US Citizen;No;White;02/07/2011;01/12/2014;Another position;Voluntarily Terminated;Production       ;Elijiah Gray;16;Google Search;Fully Meets;3.89;4;0;03/04/2013;0;7
10005;Patronick; Lucas;0;0;1;5;4;4;1;108987;1;24;Software Engineer;MA;1844;02/20/79;M ;Single;US Citizen;No;Black or African American;11/07/2011;09/07/2015;Another position;Voluntarily Terminated;Software Engineering;Alex Sweetwater;10;Diversity Job Fair;Exceeds;5.00;5;3;8/16/2015;0;13
10259;Pearson; Randall;1;1;1;5;3;3;0;93093;1;9;Data Analyst;MA;2747;09/05/1984;M ;Married;US Citizen;No;White;12/01/2014;05/01/2016;performance;Voluntarily Terminated;IT/IS;Simon Roup;4;Employee Referral;Fully Meets;4.70;4;5;1/16/2016;0;19
10286;Smith; Martin;0;0;1;5;5;2;0;53564;1;19;Production Technician I;MA;2458;03/17/88;M ;Single;US Citizen;No;Black or African American;01/10/2011;12/28/2017;career change;Voluntarily Terminated;Production       ;Webster Butler;39;Google Search;Needs Improvement;3.54;5;0;04/06/2017;4;15
10297;Pelletier; Ermine;1;1;0;5;5;2;0;60270;1;20;Production Technician II;MA;2472;07/18/89;F;Married;US Citizen;No;Asian;07/05/2011;9/15/2015;unhappy;Voluntarily Terminated;Production       ;Amy Dunn;11;CareerBuilder;Needs Improvement;2.40;5;0;02/06/2015;5;2
10171;Perry; Shakira;0;0;0;5;5;3;0;45998;1;19;Production Technician I;MA;2176;07/20/86;F;Single;US Citizen;No;White;5/16/2011;10/25/2015;medical issues;Voluntarily Terminated;Production       ;Amy Dunn;11;LinkedIn;Fully Meets;3.45;4;0;5/13/2014;0;5
10032;Peters; Lauren;1;1;0;5;5;4;0;57954;1;20;Production Technician II;MA;1886;08/17/86;F;Married;US Citizen;No;White;5/16/2011;02/04/2013;more money;Voluntarily Terminated;Production       ;Ketsia Liebig;19;Indeed;Exceeds;4.20;5;0;01/10/2013;0;12
10130;Peterson; Ebonee  ;1;1;0;5;5;3;0;74669;1;18;Production Manager;MA;2030;05/09/1977;F;Married;US Citizen;No;White;10/25/2010;5/18/2016;Another position;Voluntarily Terminated;Production       ;Janet King;2;Indeed;Fully Meets;4.16;5;0;03/05/2015;0;6
10217;Petingill; Shana  ;1;1;0;1;5;3;0;74226;0;20;Production Technician II;MA;2050;03/10/1979;F;Married;Eligible NonCitizen;No;Asian;04/02/2012;;N/A-StillEmployed;Active;Production       ;Brannon Miller;12;LinkedIn;Fully Meets;4.30;3;0;1/14/2019;0;14
10016;Petrowsky; Thelma;1;1;0;1;3;4;0;93554;0;9;Data Analyst;MA;1886;09/16/84;F;Married;US Citizen;No;Black or African American;11/10/2014;;N/A-StillEmployed;Active;IT/IS;Simon Roup;4;Employee Referral;Exceeds;4.60;5;7;01/04/2019;0;16
10050;Pham; Hong;1;1;1;5;5;3;0;64724;1;19;Production Technician I;MA;2451;03/06/1988;M ;Married;US Citizen;No;Asian;07/05/2011;11/30/2012;more money;Voluntarily Terminated;Production       ;Brannon Miller;12;Google Search;Fully Meets;5.00;3;0;2/20/2012;0;13
10164;Pitt; Brad ;0;0;1;1;5;3;0;47001;0;19;Production Technician I;MA;2451;11/23/81;M ;Single;US Citizen;No;White;11/05/2007;;N/A-StillEmployed;Active;Production       ;David Stanley;14;Google Search;Fully Meets;3.66;3;0;2/25/2019;0;15
10124;Potts; Xana;1;1;0;1;6;3;0;61844;0;3;Area Sales Manager;KY;40220;08/29/88;F;Married;US Citizen;No;Black or African American;01/09/2012;;N/A-StillEmployed;Active;Sales;Lynn Daneault;21;Website;Fully Meets;4.20;5;0;02/01/2019;0;9
10187;Power; Morissa;0;2;0;5;5;3;0;46799;1;19;Production Technician I;MA;1742;10/15/84;F;Divorced;Eligible NonCitizen;No;Asian;5/16/2011;06/04/2018;Another position;Voluntarily Terminated;Production       ;Kissy Sullivan;20;Google Search;Fully Meets;3.17;4;0;04/02/2018;0;14
10225;Punjabhi; Louis  ;0;0;1;1;5;3;0;59472;0;19;Production Technician I;MA;2109;06/19/61;M ;Single;US Citizen;No;White;01/06/2014;;N/A-StillEmployed;Active;Production       ;Kelley Spirea;18;Employee Referral;Fully Meets;4.80;3;0;01/07/2019;0;14
10262;Purinton; Janine;0;2;0;5;5;3;0;46430;1;19;Production Technician I;MA;2474;09/22/70;F;Divorced;US Citizen;No;White;9/24/2012;6/18/2013;unhappy;Voluntarily Terminated;Production       ;Kissy Sullivan;20;Indeed;Fully Meets;4.50;5;0;04/02/2013;0;16
10131;Quinn; Sean;1;1;1;5;1;3;1;83363;1;23;Software Engineer;MA;2045;11/06/1984;M ;Married;Eligible NonCitizen;No;Black or African American;2/21/2011;8/15/2015;career change;Voluntarily Terminated;Software Engineering;Janet King;2;Diversity Job Fair;Fully Meets;4.15;4;0;4/19/2014;0;4
10239;Rachael; Maggie;1;1;0;1;3;3;0;95920;0;4;BI Developer;MA;2110;05/12/1980;F;Married;US Citizen;No;Black or African American;10/02/2016;;N/A-StillEmployed;Active;IT/IS;Brian Champaigne;13;Indeed;Fully Meets;4.40;4;6;02/06/2019;0;10
10152;Rarrick; Quinn;0;2;1;5;5;3;0;61729;1;19;Production Technician I;MA;2478;12/31/84;M ;Divorced;US Citizen;No;White;9/26/2011;04/07/2018;more money;Voluntarily Terminated;Production       ;Michael Albert;22;Indeed;Fully Meets;3.80;5;0;02/04/2018;0;19
10140;Ren; Kylo;1;1;1;1;6;3;0;61809;0;3;Area Sales Manager;ID;83706;10/12/1954;M ;Married;US Citizen;No;White;05/12/2014;;N/A-StillEmployed;Active;Sales;John Smith;17;CareerBuilder;Fully Meets;3.98;3;0;1/28/2019;0;4
10058;Rhoads; Thomas;0;2;1;5;5;3;0;45115;1;19;Production Technician I;MA;2176;07/22/82;M ;Divorced;US Citizen;Yes;White;5/16/2011;1/15/2016;retiring;Voluntarily Terminated;Production       ;Elijiah Gray;16;LinkedIn;Fully Meets;5.00;4;0;3/30/2015;0;11
10011;Rivera; Haley  ;1;1;0;1;5;4;0;46738;0;19;Production Technician I;MA;2171;01/12/1973;F;Married;US Citizen;No;Asian;11/28/2011;;N/A-StillEmployed;Active;Production       ;Webster Butler;;Google Search;Exceeds;4.36;5;0;02/11/2019;0;16
10230;Roberson; May;0;2;0;5;5;3;0;64971;1;20;Production Technician II;MA;1902;09/05/1981;F;Divorced;Eligible NonCitizen;No;Black or African American;9/26/2011;10/22/2011;return to school;Voluntarily Terminated;Production       ;David Stanley;14;Google Search;Fully Meets;4.50;4;0;10/22/2011;0;10
10224;Robertson; Peter;1;1;1;5;5;3;0;55578;1;20;Production Technician II;MA;2138;07/03/1972;M ;Married;US Citizen;No;White;07/05/2011;02/08/2012;Another position;Voluntarily Terminated;Production       ;Kissy Sullivan;20;Indeed;Fully Meets;4.20;5;0;01/06/2012;0;13
10047;Robinson; Alain  ;1;1;1;5;5;3;0;50428;1;19;Production Technician I;MA;1420;01/07/1974;M ;Married;US Citizen;No;Black or African American;01/10/2011;1/26/2016;attendance;Voluntarily Terminated;Production       ;Amy Dunn;11;Indeed;Fully Meets;5.00;3;0;01/10/2015;0;11
10285;Robinson; Cherly;1;1;0;4;5;2;0;61422;1;19;Production Technician I;MA;1460;01/07/1985;F;Married;US Citizen;No;White;01/10/2011;5/17/2016;attendance;Terminated for Cause;Production       ;Ketsia Liebig;19;Indeed;Needs Improvement;3.60;3;0;04/05/2016;4;16
10020;Robinson; Elias;0;4;1;1;5;4;0;63353;0;19;Production Technician I;MA;1730;01/28/85;M ;Widowed;US Citizen;No;White;07/08/2013;;N/A-StillEmployed;Active;Production       ;Brannon Miller;12;Employee Referral;Exceeds;3.60;5;0;02/11/2019;0;4
10162;Roby; Lori ;1;1;0;1;3;3;0;89883;0;9;Data Analyst;MA;1886;10/11/1981;F;Married;US Citizen;No;White;2/16/2015;;N/A-StillEmployed;Active;IT/IS;Simon Roup;4;Employee Referral;Fully Meets;3.69;5;6;2/14/2019;0;15
10149;Roehrich; Bianca;0;0;0;5;3;3;0;120000;1;29;Principal Data Architect;MA;2703;05/27/73;F;Single;US Citizen;Yes;White;01/05/2015;11/10/2018;Another position;Voluntarily Terminated;IT/IS;Simon Roup;4;LinkedIn;Fully Meets;3.88;3;7;2/13/2018;0;12
10086;Roper; Katie;0;0;0;1;3;3;0;150290;0;7;Data Architect;MA;2056;11/21/72;F;Single;US Citizen;No;Black or African American;01/07/2017;;N/A-StillEmployed;Active;IT/IS;Brian Champaigne;13;Indeed;Fully Meets;4.94;3;5;02/06/2019;0;17
10054;Rose; Ashley  ;0;3;0;1;5;3;0;60627;0;19;Production Technician I;MA;1886;12/05/1974;F;Separated;US Citizen;No;White;01/06/2014;;N/A-StillEmployed;Active;Production       ;David Stanley;14;Website;Fully Meets;5.00;4;0;1/31/2019;0;8
10065;Rossetti; Bruno;0;0;1;5;5;3;0;53180;1;19;Production Technician I;MA;2155;03/18/87;M ;Single;US Citizen;No;White;04/04/2011;8/13/2018;Another position;Voluntarily Terminated;Production       ;Kissy Sullivan;20;Google Search;Fully Meets;5.00;5;0;07/02/2018;0;4
10198;Roup;Simon;0;0;1;1;3;3;0;140920;0;13;IT Manager - DB;MA;2481;04/05/1973;M ;Single;US Citizen;No;White;1/20/2013;;N/A-StillEmployed;Active;IT/IS;Jennifer Zamora;5;Indeed;Fully Meets;3.60;5;7;2/18/2019;0;13
10222;Ruiz; Ricardo;0;2;1;5;3;3;1;148999;1;13;IT Manager - DB;MA;1915;01/04/1964;M ;Divorced;US Citizen;No;Black or African American;01/09/2012;11/04/2015;hours;Voluntarily Terminated;IT/IS;Jennifer Zamora;5;Diversity Job Fair;Fully Meets;4.30;4;6;01/04/2015;0;8
10126;Saada; Adell;1;1;0;1;4;3;0;86214;0;24;Software Engineer;MA;2132;07/24/86;F;Married;US Citizen;No;White;11/05/2012;;N/A-StillEmployed;Active;Software Engineering;Alex Sweetwater;10;Indeed;Fully Meets;4.20;3;6;2/13/2019;0;2
10295;Saar-Beckles; Melinda;0;0;0;2;5;2;1;47750;0;19;Production Technician I;MA;1801;06/06/1968;F;Single;US Citizen;No;Black or African American;07/04/2016;;N/A-StillEmployed;Active;Production       ;Kelley Spirea;18;Diversity Job Fair;Needs Improvement;2.60;4;0;2/18/2019;5;4
10260;Sadki; Nore  ;0;0;1;5;5;3;0;46428;1;19;Production Technician I;MA;2148;12/21/74;M ;Single;US Citizen;No;White;01/05/2009;7/30/2018;relocation out of area;Voluntarily Terminated;Production       ;Michael Albert;22;Google Search;Fully Meets;4.60;5;0;02/05/2018;0;7
10233;Sahoo; Adil;1;1;1;1;5;3;0;57975;0;20;Production Technician II;MA;2062;04/26/86;M ;Married;US Citizen;No;White;8/30/2010;;N/A-StillEmployed;Active;Production       ;Kelley Spirea;18;CareerBuilder;Fully Meets;4.10;3;0;01/10/2019;0;13
10229;Salter; Jason;0;2;1;5;3;3;0;88527;1;9;Data Analyst ;MA;2452;12/17/87;M ;Divorced;US Citizen;No;Black or African American;01/05/2015;10/31/2015;hours;Voluntarily Terminated;IT/IS;Simon Roup;4;LinkedIn;Fully Meets;4.20;3;5;4/20/2015;0;2
10169;Sander; Kamrin;1;1;0;1;5;3;0;56147;0;19;Production Technician I;MA;2154;07/10/1988;F;Married;US Citizen;No;Black or African American;9/29/2014;;N/A-StillEmployed;Active;Production       ;Elijiah Gray;16;LinkedIn;Fully Meets;3.51;3;0;2/18/2019;0;2
10071;Sewkumar; Nori;0;0;0;3;5;3;0;50923;0;19;Production Technician I;MA;2191;03/10/1975;F;Single;US Citizen;No;Asian;9/30/2013;;N/A-StillEmployed;Active;Production       ;Webster Butler;;Google Search;Fully Meets;5.00;5;0;02/06/2019;0;14
10179;Shepard; Anita ;1;1;0;1;3;3;0;50750;0;15;Network Engineer;MA;1773;04/14/81;F;Married;US Citizen;No;White;9/30/2014;;N/A-StillEmployed;Active;IT/IS;Peter Monroe;7;LinkedIn;Fully Meets;3.31;3;6;01/07/2019;0;7
10091;Shields; Seffi;1;1;0;1;5;3;0;52087;0;19;Production Technician I;MA;2149;08/24/85;F;Married;US Citizen;No;White;8/19/2013;;N/A-StillEmployed;Active;Production       ;Amy Dunn;11;LinkedIn;Fully Meets;4.81;4;0;2/15/2019;0;15
10178;Simard; Kramer;1;1;1;1;3;3;0;87826;0;9;Data Analyst;MA;2110;02/08/1970;M ;Married;US Citizen;Yes;White;01/05/2015;;N/A-StillEmployed;Active;IT/IS;Simon Roup;4;Employee Referral;Fully Meets;3.32;3;7;1/14/2019;0;16
10039;Singh; Nan ;0;0;0;1;1;3;0;51920;0;2;Administrative Assistant;MA;2330;05/19/88;F;Single;US Citizen;No;White;05/01/2015;;N/A-StillEmployed;Active;Admin Offices;Brandon R. LeBlanc;1;Website;Fully Meets;5.00;3;5;1/15/2019;0;2
10095;Sloan; Constance;0;0;0;5;5;3;0;63878;1;20;Production Technician II;MA;1851;11/25/87;F;Single;US Citizen;No;White;10/26/2009;04/08/2015;maternity leave - did not return;Voluntarily Terminated;Production       ;Michael Albert;22;CareerBuilder;Fully Meets;4.68;4;0;04/02/2015;0;20
10027;Smith; Joe;0;0;1;1;5;4;0;60656;0;20;Production Technician II;MA;2045;10/30/63;M ;Single;US Citizen;No;White;9/29/2014;;N/A-StillEmployed;Active;Production       ;Elijiah Gray;16;Indeed;Exceeds;4.30;3;0;1/28/2019;0;4
10291;Smith; John;0;2;1;1;6;2;1;72992;0;21;Sales Manager;MA;1886;08/16/84;M ;Divorced;US Citizen;No;Black or African American;5/18/2014;;N/A-StillEmployed;Active;Sales;Debra Houlihan;15;Diversity Job Fair;Needs Improvement;2.40;4;0;1/16/2019;2;16
10153;Smith; Leigh Ann;1;1;0;5;1;3;1;55000;1;2;Administrative Assistant;MA;1844;06/14/87;F;Married;US Citizen;No;Black or African American;9/26/2011;9/25/2013;career change;Voluntarily Terminated;Admin Offices;Brandon R. LeBlanc;1;Diversity Job Fair;Fully Meets;3.80;4;4;8/15/2013;0;17
10157;Smith; Sade;0;0;0;1;5;3;0;58939;0;19;Production Technician I;MA;2130;02/02/1965;F;Single;US Citizen;No;White;11/11/2013;;N/A-StillEmployed;Active;Production       ;Ketsia Liebig;19;Employee Referral;Fully Meets;3.73;3;0;1/24/2019;0;16
10119;Soto; Julia ;1;1;0;1;3;3;0;66593;0;14;IT Support;MA;2360;03/12/1973;F;Married;US Citizen;No;Black or African American;06/10/2011;;N/A-StillEmployed;Active;IT/IS;Eric Dougall;6;LinkedIn;Fully Meets;4.30;3;5;02/08/2019;0;19
10180;Soze; Keyser;1;1;1;2;3;3;0;87565;0;28;Sr. Network Engineer;MA;1545;02/09/1983;M ;Married;US Citizen;No;Asian;6/30/2016;;N/A-StillEmployed;Active;IT/IS;Peter Monroe;7;LinkedIn;Fully Meets;3.27;4;5;1/14/2019;0;13
10302;Sparks; Taylor  ;1;1;0;1;5;1;0;64021;0;19;Production Technician I;MA;2093;07/20/68;F;Married;US Citizen;No;White;2/20/2012;;N/A-StillEmployed;Active;Production       ;Brannon Miller;12;Indeed;PIP;2.40;2;1;2/25/2019;6;20
10090;Spirea; Kelley;1;1;0;1;5;3;0;65714;0;18;Production Manager;MA;2451;09/30/75;F;Married;US Citizen;No;White;10/02/2012;;N/A-StillEmployed;Active;Production       ;Janet King;2;LinkedIn;Fully Meets;4.83;5;0;2/14/2019;0;15
10030;Squatrito; Kristen;0;2;0;5;5;4;0;62425;1;19;Production Technician I;MA;2359;03/26/73;F;Divorced;US Citizen;No;White;5/13/2013;6/29/2015;unhappy;Voluntarily Terminated;Production       ;David Stanley;14;LinkedIn;Exceeds;4.10;4;0;03/02/2015;0;16
10278;Stanford;Barbara  M;0;2;0;1;5;3;0;47961;0;19;Production Technician I;MA;2050;08/25/82;F;Divorced;US Citizen;No;Two or more races;01/10/2011;;N/A-StillEmployed;Active;Production       ;Kissy Sullivan;20;Google Search;Fully Meets;4.10;4;0;02/07/2019;0;9
10307;Stansfield; Norman;1;1;1;1;6;1;0;58273;0;3;Area Sales Manager;NV;89139;05/09/1974;M ;Married;US Citizen;No;White;05/12/2014;;N/A-StillEmployed;Active;Sales;Lynn Daneault;21;Website;PIP;1.81;2;0;1/17/2019;3;5
10147;Steans; Tyrone  ;0;0;1;1;1;3;0;63003;0;1;Accountant I;MA;2703;09/01/1986;M ;Single;US Citizen;No;White;9/29/2014;;N/A-StillEmployed;Active;Admin Offices;Brandon R. LeBlanc;1;Indeed;Fully Meets;3.90;5;5;1/18/2019;0;9
10266;Stoica; Rick;1;1;1;1;5;3;0;61355;0;19;Production Technician I;MA;2301;03/14/85;M ;Married;US Citizen;No;Asian;2/17/2014;;N/A-StillEmployed;Active;Production       ;Kelley Spirea;18;LinkedIn;Fully Meets;4.70;3;0;01/11/2019;0;4
10241;Strong; Caitrin;1;1;0;1;6;3;0;60120;0;3;Area Sales Manager;MT;59102;05/12/1989;F;Married;US Citizen;No;Black or African American;9/27/2010;;N/A-StillEmployed;Active;Sales;John Smith;17;Indeed;Fully Meets;4.10;4;0;1/31/2019;0;18
10158;Sullivan; Kissy ;1;1;0;1;5;3;0;63682;0;18;Production Manager;MA;1776;03/28/78;F;Married;US Citizen;No;Black or African American;01/08/2009;;N/A-StillEmployed;Active;Production       ;Janet King;2;Indeed;Fully Meets;3.73;4;0;1/24/2019;0;12
10117;Sullivan; Timothy;1;1;1;1;5;3;0;63025;0;19;Production Technician I;MA;2747;10/07/1982;M ;Married;US Citizen;Yes;White;01/05/2015;;N/A-StillEmployed;Active;Production       ;Michael Albert;22;Google Search;Fully Meets;4.36;5;0;1/24/2019;0;10
10209;Sutwell; Barbara;0;0;0;1;5;3;0;59238;0;19;Production Technician I;MA;2718;08/15/68;F;Single;Eligible NonCitizen;No;Asian;5/14/2012;;N/A-StillEmployed;Active;Production       ;Elijiah Gray;16;Indeed;Fully Meets;3.40;5;0;1/31/2019;0;13
10024;Szabo; Andrew;0;0;1;1;4;4;0;92989;0;24;Software Engineer;MA;2140;05/06/1983;M ;Single;US Citizen;No;White;07/07/2014;;N/A-StillEmployed;Active;Software Engineering;Alex Sweetwater;10;LinkedIn;Exceeds;4.50;5;5;2/18/2019;0;1
10173;Tannen; Biff;1;1;1;1;3;3;0;90100;0;4;BI Developer;MA;2134;10/24/87;M ;Married;US Citizen;No;White;4/20/2017;;N/A-StillEmployed;Active;IT/IS;Brian Champaigne;13;Indeed;Fully Meets;3.40;3;6;01/02/2019;0;14
10221;Tavares; Desiree  ;1;1;0;5;5;3;1;60754;1;19;Production Technician I;MA;1801;04/03/1975;F;Married;Non-Citizen;No;Black or African American;4/27/2009;04/01/2013;Another position;Voluntarily Terminated;Production       ;Webster Butler;39;Diversity Job Fair;Fully Meets;4.50;5;0;2/15/2012;0;11
10146;Tejeda; Lenora ;1;1;0;5;5;3;0;72202;1;20;Production Technician II;MA;2129;05/24/53;F;Married;US Citizen;No;White;5/16/2011;07/08/2017;Another position;Voluntarily Terminated;Production       ;Elijiah Gray;16;Google Search;Fully Meets;3.93;3;0;4/18/2017;0;3
10161;Terry; Sharlene ;0;0;0;1;6;3;0;58370;0;3;Area Sales Manager;OR;97756;05/07/1965;F;Single;US Citizen;No;Black or African American;9/29/2014;;N/A-StillEmployed;Active;Sales;Lynn Daneault;21;Indeed;Fully Meets;3.69;3;0;1/28/2019;0;18
10141;Theamstern; Sophia;0;0;0;5;5;3;0;48413;1;19;Production Technician I;MA;2066;05/09/1965;F;Single;US Citizen;No;White;07/05/2011;09/05/2016;return to school;Voluntarily Terminated;Production       ;Amy Dunn;11;Indeed;Fully Meets;3.98;4;0;03/02/2016;0;1
10268;Thibaud; Kenneth;0;4;1;5;5;3;0;67176;1;20;Production Technician II;MA;2472;09/16/75;M ;Widowed;US Citizen;No;White;6/25/2007;8/30/2010;military;Voluntarily Terminated;Production       ;Webster Butler;39;Other;Fully Meets;4.10;4;0;7/14/2010;0;15
10123;Tippett; Jeanette;0;2;0;1;5;3;0;56339;0;19;Production Technician I;MA;2093;06/05/1967;F;Divorced;US Citizen;No;Black or African American;2/18/2013;;N/A-StillEmployed;Active;Production       ;Brannon Miller;12;Indeed;Fully Meets;4.21;5;0;1/14/2019;0;4
10013;Torrence; Jack;0;3;1;1;6;4;0;64397;0;3;Area Sales Manager;ND;58782;01/15/68;M ;Separated;US Citizen;No;White;01/09/2006;;N/A-StillEmployed;Active;Sales;Lynn Daneault;21;Indeed;Exceeds;4.10;3;0;01/04/2019;0;6
10287;Trang; Mei;0;0;0;1;5;2;0;63025;0;19;Production Technician I;MA;2021;05/16/83;F;Single;US Citizen;No;White;2/17/2014;;N/A-StillEmployed;Active;Production       ;David Stanley;14;LinkedIn;Needs Improvement;2.44;5;0;02/11/2019;4;18
10044;Tredinnick; Neville ;1;1;1;5;3;3;0;75281;1;15;Network Engineer;MA;1420;05/05/1988;M ;Married;US Citizen;No;White;01/05/2015;02/12/2016;medical issues;Voluntarily Terminated;IT/IS;Peter Monroe;7;CareerBuilder;Fully Meets;5.00;3;5;4/15/2015;0;11
10102;True; Edward;0;0;1;5;4;3;1;100416;1;24;Software Engineer;MA;2451;06/14/83;M ;Single;Non-Citizen;No;Black or African American;2/18/2013;4/15/2018;medical issues;Voluntarily Terminated;Software Engineering;Alex Sweetwater;10;Diversity Job Fair;Fully Meets;4.60;3;4;02/12/2017;0;9
10270;Trzeciak; Cybil;0;0;0;5;5;3;0;74813;1;20;Production Technician II;MA;1778;03/15/85;F;Single;US Citizen;No;White;01/10/2011;07/02/2014;unhappy;Voluntarily Terminated;Production       ;Amy Dunn;11;LinkedIn;Fully Meets;4.40;3;0;01/05/2014;0;5
10045;Turpin; Jumil;1;1;1;1;3;3;0;76029;0;15;Network Engineer;MA;2343;03/31/69;M ;Married;Eligible NonCitizen;No;White;3/30/2015;;N/A-StillEmployed;Active;IT/IS;Peter Monroe;7;Employee Referral;Fully Meets;5.00;4;7;1/14/2019;0;8
10205;Valentin;Jackie;1;1;0;1;6;3;0;57859;0;3;Area Sales Manager;AZ;85006;05/23/91;F;Married;US Citizen;No;Two or more races;07/05/2011;;N/A-StillEmployed;Active;Sales;John Smith;17;Indeed;Fully Meets;2.81;3;0;1/17/2019;0;16
10014;Veera; Abdellah ;0;2;1;5;5;4;0;58523;1;19;Production Technician I;MA;2171;01/31/87;M ;Divorced;US Citizen;No;White;8/13/2012;02/05/2016;maternity leave - did not return;Voluntarily Terminated;Production       ;Kissy Sullivan;20;LinkedIn;Exceeds;4.50;5;0;02/01/2016;0;15
10144;Vega; Vincent;0;2;1;1;5;3;0;88976;0;17;Production Manager;MA;2169;10/10/1968;M ;Divorced;US Citizen;No;White;08/01/2011;;N/A-StillEmployed;Active;Production       ;Janet King;2;Employee Referral;Fully Meets;3.93;3;0;2/27/2019;0;19
10253;Villanueva; Noah;0;0;1;1;6;3;0;55875;0;3;Area Sales Manager;ME;4063;07/11/1989;M ;Single;US Citizen;No;Asian;03/05/2012;;N/A-StillEmployed;Active;Sales;John Smith;17;Website;Fully Meets;4.50;4;0;1/18/2019;0;11
10118;Voldemort; Lord;1;1;1;4;3;3;0;113999;1;8;Database Administrator;MA;1960;08/07/1986;M ;Married;US Citizen;No;Black or African American;2/16/2015;2/22/2017;no-call, no-show;Terminated for Cause;IT/IS;Simon Roup;4;Employee Referral;Fully Meets;4.33;3;7;2/15/2017;0;9
10022;Volk; Colleen;1;1;0;4;5;4;0;49773;1;19;Production Technician I;MA;2747;06/03/1986;F;Married;US Citizen;No;White;9/26/2011;02/08/2016;gross misconduct;Terminated for Cause;Production       ;Kelley Spirea;18;Google Search;Exceeds;4.30;5;0;02/01/2015;0;18
10183;Von Massenbach; Anna;0;0;0;2;5;3;0;62068;0;19;Production Technician I;MA;2124;04/06/1985;F;Single;US Citizen;No;White;07/05/2015;;N/A-StillEmployed;Active;Production       ;Michael Albert;22;LinkedIn;Fully Meets;3.21;3;0;1/29/2019;0;7
10190;Walker; Roger;0;0;1;1;5;3;0;66541;0;20;Production Technician II;MA;2459;02/10/1976;M ;Single;US Citizen;No;Black or African American;8/18/2014;;N/A-StillEmployed;Active;Production       ;Ketsia Liebig;19;Employee Referral;Fully Meets;3.11;5;0;02/12/2019;0;4
10274;Wallace; Courtney  E;1;1;0;5;5;3;1;80512;1;18;Production Manager;MA;2478;11/14/55;F;Married;US Citizen;No;Black or African American;9/26/2011;01/02/2012;Another position;Voluntarily Terminated;Production       ;Janet King;2;Diversity Job Fair;Fully Meets;4.50;3;0;01/02/2012;0;5
10293;Wallace; Theresa;0;0;0;5;5;2;0;50274;1;19;Production Technician I;MA;1887;08/02/1980;F;Single;US Citizen;No;White;8/13/2012;09/01/2015;career change;Voluntarily Terminated;Production       ;Elijiah Gray;16;CareerBuilder;Needs Improvement;2.50;3;0;09/05/2014;6;13
10172;Wang; Charlie;0;0;1;1;3;3;0;84903;0;22;Senior BI Developer;MA;1887;07/08/1981;M ;Single;US Citizen;No;Asian;2/15/2017;;N/A-StillEmployed;Active;IT/IS;Brian Champaigne;13;Indeed;Fully Meets;3.42;4;7;01/04/2019;0;17
10127;Warfield; Sarah;0;4;0;1;3;3;0;107226;0;28;Sr. Network Engineer;MA;2453;05/02/1978;F;Widowed;US Citizen;No;Asian;3/30/2015;;N/A-StillEmployed;Active;IT/IS;Peter Monroe;7;Employee Referral;Fully Meets;4.20;4;8;02/05/2019;0;7
10072;Whittier; Scott;0;0;1;5;5;3;0;58371;1;19;Production Technician I;MA;2030;05/24/87;M ;Single;US Citizen;Yes;White;01/10/2011;5/15/2014;hours;Voluntarily Terminated;Production       ;Webster Butler;39;LinkedIn;Fully Meets;5.00;5;0;5/15/2014;0;11
10048;Wilber; Barry;1;1;1;5;5;3;0;55140;1;19;Production Technician I;MA;2324;09/09/1965;M ;Married;Eligible NonCitizen;No;White;5/16/2011;09/07/2015;unhappy;Voluntarily Terminated;Production       ;Amy Dunn;11;Website;Fully Meets;5.00;3;0;2/15/2015;0;7
10204;Wilkes; Annie;0;2;0;5;5;3;0;58062;1;19;Production Technician I;MA;1876;07/30/83;F;Divorced;US Citizen;No;White;01/10/2011;5/14/2012;Another position;Voluntarily Terminated;Production       ;Ketsia Liebig;19;Google Search;Fully Meets;3.60;5;0;02/06/2011;0;9
10264;Williams; Jacquelyn  ;0;0;0;5;5;3;1;59728;1;19;Production Technician I;MA;2109;10/02/1969;F;Single;US Citizen;Yes;Black or African American;01/09/2012;6/27/2015;relocation out of area;Voluntarily Terminated;Production       ;Ketsia Liebig;19;Diversity Job Fair;Fully Meets;4.30;4;0;06/02/2014;0;16
10033;Winthrop; Jordan  ;0;0;1;5;5;4;0;70507;1;20;Production Technician II;MA;2045;11/07/1958;M ;Single;US Citizen;No;White;01/07/2013;2/21/2016;retiring;Voluntarily Terminated;Production       ;Brannon Miller;12;LinkedIn;Exceeds;5.00;3;0;1/19/2016;0;7
10174;Wolk; Hang  T;0;0;0;1;5;3;0;60446;0;20;Production Technician II;MA;2302;04/20/85;F;Single;US Citizen;No;White;9/29/2014;;N/A-StillEmployed;Active;Production       ;David Stanley;14;LinkedIn;Fully Meets;3.40;4;0;2/21/2019;0;14
10135;Woodson; Jason;0;0;1;1;5;3;0;65893;0;20;Production Technician II;MA;1810;05/11/1985;M ;Single;US Citizen;No;White;07/07/2014;;N/A-StillEmployed;Active;Production       ;Kissy Sullivan;20;LinkedIn;Fully Meets;4.07;4;0;2/28/2019;0;13
10301;Ybarra; Catherine ;0;0;0;5;5;1;0;48513;1;19;Production Technician I;MA;2458;05/04/1982;F;Single;US Citizen;No;Asian;09/02/2008;9/29/2015;Another position;Voluntarily Terminated;Production       ;Brannon Miller;12;Google Search;PIP;3.20;2;0;09/02/2015;5;4
10010;Zamora; Jennifer;0;0;0;1;3;4;0;220450;0;6;CIO;MA;2067;08/30/79;F;Single;US Citizen;No;White;04/10/2010;;N/A-StillEmployed;Active;IT/IS;Janet King;2;Employee Referral;Exceeds;4.60;5;6;2/21/2019;0;16
10043;Zhou; Julia;0;0;0;1;3;3;0;89292;0;9;Data Analyst;MA;2148;02/24/79;F;Single;US Citizen;No;White;3/30/2015;;N/A-StillEmployed;Active;IT/IS;Simon Roup;4;Employee Referral;Fully Meets;5.00;3;5;02/01/2019;0;11
10271;Zima; Colleen;0;4;0;1;5;3;0;45046;0;19;Production Technician I;MA;1730;08/17/78;F;Widowed;US Citizen;No;Asian;9/29/2014;;N/A-StillEmployed;Active;Production       ;David Stanley;14;LinkedIn;Fully Meets;4.50;5;0;1/30/2019;0;2
